Produto_ID,Avaliação,Comentário
1,1.86,Similique et provident non voluptate cumque.
2,2.72,Corporis facilis odit nostrum amet nisi.
3,2.97,Incidunt praesentium facere quod.
4,1.6,Reprehenderit exercitationem hic voluptate voluptates nihil.
5,2.06,Incidunt ea facere distinctio ad eligendi.
6,4.41,Repellat fugiat voluptas nemo nostrum necessitatibus.
7,2.07,Iste nulla alias aut.
8,2.45,Nesciunt fugit itaque dolorum.
9,2.98,Dolores quas error soluta numquam deleniti.
10,2.93,Accusamus officia adipisci laudantium ex aliquid dolores.
11,4.65,Cum earum voluptatem aperiam nesciunt tempore.
12,3.27,Repudiandae quod voluptates consectetur.
13,2.41,Libero nobis exercitationem est eligendi asperiores.
14,1.81,Reiciendis repellat totam.
15,3.32,Nisi ducimus labore recusandae.
16,2.58,Dignissimos hic provident dicta sapiente nam.
17,4.2,Beatae similique ea magni animi.
18,2.75,Non dignissimos exercitationem dolore temporibus.
19,3.48,Alias debitis amet laudantium eum sed.
20,3.15,A repellendus quos delectus.
21,2.14,Est sunt nulla.
22,4.13,Excepturi libero corrupti iste sequi dolorem.
23,3.68,Tenetur labore sequi.
24,3.95,Ducimus occaecati nihil quisquam quibusdam.
25,2.13,Laboriosam nihil maxime earum quia.
26,2.55,Quis reprehenderit veniam voluptates dolor nihil iste.
27,1.17,Quibusdam eum optio.
28,4.8,Officia quo laboriosam eius.
29,4.95,Esse nihil vel alias aliquid assumenda.
30,2.96,Aut accusantium quas excepturi distinctio.
31,3.77,Unde necessitatibus quos explicabo.
32,2.41,Consectetur dolorum doloremque unde fugit.
33,3.91,Esse accusamus necessitatibus amet qui quis.
34,2.27,Reiciendis ipsa iure commodi laudantium quod quod.
35,1.74,Aspernatur dolore iure.
36,3.45,Nam eius totam nostrum id unde saepe.
37,4.41,Eos perspiciatis temporibus nemo.
38,3.25,Necessitatibus quasi eligendi totam corporis modi maxime.
39,3.45,Cupiditate dolore ipsum commodi officiis.
40,2.44,Dicta ab suscipit labore eaque consectetur sed.
41,3.1,Corporis facere voluptates laudantium odio.
42,1.4,Libero suscipit sint perspiciatis quibusdam atque quo.
43,2.52,Iste dolores veniam quia modi nobis.
44,1.37,Cupiditate amet tempora repudiandae possimus libero.
45,3.82,Sed fugiat laudantium modi enim.
46,1.31,Iusto dicta facere nulla deleniti.
47,2.64,Corporis minus sint neque.
48,4.85,Fugiat vero dicta architecto itaque dolore.
49,3.58,Suscipit sequi nemo quae maiores in.
50,1.07,Consectetur corrupti id odio molestiae debitis cupiditate sunt.
51,3.02,Quos officia voluptatibus ea commodi consequuntur harum vitae.
52,4.64,Odio explicabo facere incidunt officiis maiores quibusdam.
53,3.86,Fugiat illo quisquam quo magni.
54,2.01,Iste magni cum ea voluptatibus.
55,3.72,Totam inventore iure amet.
56,2.51,Deleniti assumenda assumenda vel ut reprehenderit repellendus consequatur.
57,2.54,Fugit quo voluptatem alias enim accusantium.
58,4.74,Id dolorem pariatur.
59,4.24,Ea ullam animi vitae quos.
60,2.41,Dignissimos maxime quidem a ut animi debitis iusto.
61,1.51,Quo nihil culpa vitae.
62,3.79,Cum necessitatibus est repudiandae nesciunt dolor.
63,1.01,Magnam adipisci nisi quam quo distinctio autem.
64,2.98,Voluptas magnam asperiores ratione.
65,1.81,Temporibus facilis eveniet architecto hic mollitia.
66,1.88,Occaecati debitis harum.
67,1.67,Nesciunt dignissimos pariatur adipisci illum debitis.
68,4.49,Quisquam officia voluptates expedita nam corrupti expedita.
69,4.24,Magnam occaecati maxime suscipit.
70,4.34,Ipsum repudiandae voluptas a magnam vero tempore.
71,2.59,Quas sunt consequuntur dignissimos temporibus voluptates recusandae quaerat.
72,3.38,Exercitationem odit cumque ad repellendus labore ipsa.
73,4.3,Nesciunt occaecati veritatis quidem labore.
74,4.35,Occaecati earum iusto alias.
75,2.9,Eum similique iure voluptatum nisi dolorum.
76,3.57,Eius a nam tempore iste quae autem.
77,1.12,Velit nesciunt aliquid omnis.
78,2.71,In animi ut est.
79,2.06,Cupiditate sunt molestias magnam atque praesentium.
80,3.33,Dolor veritatis nihil hic cumque maiores magni.
81,2.56,Unde nobis quibusdam nobis.
82,4.61,Sit aut maiores velit deleniti.
83,4.73,Tempora ipsum labore rerum temporibus tempora.
84,4.27,Repellendus culpa vero ducimus.
85,2.16,Reprehenderit labore omnis reprehenderit quibusdam nobis eos.
86,1.95,Error ex quo natus.
87,3.09,Mollitia autem veniam a a.
88,4.45,Autem adipisci voluptatum ea.
89,4.39,Suscipit provident incidunt adipisci ea ut id.
90,3.56,Quis architecto debitis nulla iusto.
91,3.33,Reiciendis iure enim ipsum quas.
92,1.94,Perferendis voluptas asperiores voluptatem adipisci accusamus.
93,4.28,Similique iusto ab adipisci.
94,3.95,Amet fugiat aspernatur eligendi eum impedit officiis.
95,3.53,Sunt nihil excepturi vero minima ab.
96,1.18,Sunt autem corrupti fugit.
97,2.24,A consequuntur exercitationem tempora ea.
98,1.68,Deleniti laudantium porro.
99,3.23,Doloribus iure officia modi.
100,1.95,Neque sit saepe excepturi omnis.
101,4.96,Eligendi incidunt ratione magnam.
102,4.11,Aspernatur animi tenetur rerum odio.
103,3.69,Tenetur eius deleniti reprehenderit eos nobis ipsa.
104,2.65,Quas exercitationem voluptates culpa ea et aliquid corrupti.
105,1.98,Provident assumenda at adipisci incidunt impedit ut.
106,3.3,At ipsa soluta soluta.
107,3.36,A animi quaerat consequuntur.
108,1.9,Magni veniam porro neque.
109,3.93,Occaecati quod ut veniam accusantium.
110,4.54,Soluta excepturi quas aut dolorum.
111,1.27,Laboriosam occaecati occaecati totam harum illo.
112,3.02,Ad porro cumque illo necessitatibus sunt laborum.
113,3.16,Sit facere autem ipsam et amet temporibus.
114,4.1,Eius fuga sequi consectetur nostrum ex.
115,2.86,Sapiente dolorem ullam modi.
116,3.96,Magnam quod assumenda.
117,4.29,Fugiat eum est officiis.
118,3.55,Magnam dolores commodi rerum facilis temporibus sapiente.
119,1.61,Vitae adipisci adipisci eaque labore provident sapiente.
120,4.97,Dolorum dolorem reiciendis ab quaerat commodi.
121,4.41,Nihil veritatis voluptates eveniet eum.
122,3.5,Fugit quibusdam ea iste impedit minus.
123,4.6,Quisquam nemo excepturi eligendi vel distinctio.
124,2.95,Harum ad quod deleniti blanditiis.
125,4.08,Aut distinctio neque magnam cumque hic.
126,2.62,Distinctio ullam ipsum voluptatem expedita voluptate facilis.
127,2.22,Sint consequatur harum.
128,3.09,Iure nesciunt suscipit aspernatur aut.
129,4.43,Nihil quasi alias tenetur repudiandae.
130,4.99,Voluptates eaque dolorum quis.
131,1.71,Culpa nemo laudantium debitis.
132,4.18,Eaque iusto rerum quasi.
133,2.5,Inventore suscipit nam voluptate.
134,1.81,Sint accusantium minima id optio.
135,4.11,Dolorem cupiditate minima.
136,4.89,Aspernatur quibusdam sit eveniet ex sint.
137,3.65,Quo error ab excepturi quibusdam illo.
138,1.6,Tempore tenetur ullam error sit maxime molestiae eveniet.
139,4.33,Dolorem blanditiis possimus quia nam nihil quos.
140,3.05,Ea neque impedit voluptatibus.
141,1.7,Perspiciatis fugiat debitis in.
142,3.92,Hic nisi molestias quia.
143,1.82,Enim quos adipisci ullam aliquam doloribus odio.
144,1.25,A sunt eveniet esse amet sunt.
145,3.89,Modi beatae deleniti id eveniet omnis soluta excepturi.
146,3.45,Optio veniam voluptate debitis quos hic suscipit.
147,3.38,Asperiores modi asperiores itaque occaecati maiores in.
148,3.59,A aliquam molestiae recusandae optio.
149,4.67,Officiis quis iste laborum.
150,3.02,Tenetur aliquid voluptas quibusdam cum perspiciatis.
151,4.96,Quibusdam odio doloribus impedit vitae a.
152,3.16,Dignissimos corporis tempora aut sequi nobis maiores.
153,1.7,Necessitatibus ut officia eos quasi fugit.
154,4.68,Quo velit nam cumque.
155,2.77,Similique dicta unde.
156,3.39,Velit sunt sunt dicta voluptatem.
157,2.95,Architecto sint eaque voluptatibus enim.
158,1.65,Natus ex assumenda sapiente.
159,3.28,Odit sed quae nobis velit.
160,1.05,Ipsa rerum repudiandae eveniet ipsum rerum.
161,2.27,Accusantium porro architecto quos dolorum ratione earum pariatur.
162,2.73,Nisi voluptatem quam sunt odit itaque.
163,4.95,Nobis omnis error rerum mollitia odit a.
164,1.11,Porro laboriosam illum consequatur non provident nostrum.
165,3.85,Beatae facilis ipsum iure.
166,3.95,Animi dolorem minima modi similique vel repellat.
167,3.29,Perspiciatis consequatur cumque quisquam quasi voluptas officia.
168,1.53,Non quaerat est.
169,3.26,Velit assumenda cum.
170,1.26,Reprehenderit nostrum itaque eius explicabo esse.
171,1.1,Quod error sint eaque.
172,1.4,Nostrum numquam fuga at non quam non praesentium.
173,3.59,Quia tenetur debitis.
174,4.77,Architecto illum impedit quisquam.
175,1.28,Consectetur fugiat ex maxime.
176,3.44,Tempora adipisci in deleniti.
177,3.62,Dolorem ratione rerum architecto dicta reprehenderit fugit.
178,1.35,Incidunt reiciendis voluptates ducimus labore sequi excepturi consectetur.
179,3.32,Repellendus officiis accusamus quo.
180,1.64,Consequuntur aut perferendis autem nam.
181,2.17,Suscipit consequatur incidunt corrupti minima.
182,3.83,Ut nostrum alias repellat ut recusandae minima vitae.
183,2.51,Est unde eos asperiores.
184,2.76,Reiciendis rerum repellat repellendus quibusdam eligendi.
185,4.27,Recusandae placeat rerum reprehenderit eaque quasi distinctio.
186,3.46,Nam necessitatibus rerum sit quasi.
187,1.45,Labore vitae ab amet debitis neque.
188,4.22,Mollitia soluta ut quis pariatur omnis.
189,2.54,Placeat maxime esse architecto aliquam.
190,1.6,Nesciunt facere non reiciendis enim quasi.
191,4.02,Et sunt deleniti minima eos.
192,2.49,Sunt alias explicabo nam asperiores corrupti animi odio.
193,4.21,Debitis nulla deserunt earum.
194,4.78,Recusandae nisi quod.
195,1.87,Dolorem error maxime nihil laborum.
196,2.23,Aperiam fugiat ducimus.
197,2.57,Doloremque dicta officiis omnis.
198,1.3,Laborum occaecati tenetur.
199,1.37,Occaecati aspernatur iusto at beatae minus.
200,2.98,Illo praesentium ab eaque voluptatibus amet.
201,4.69,Delectus maxime aliquam vero explicabo velit ipsa.
202,2.19,Rem eaque molestiae neque aliquid.
203,2.2,Earum provident laudantium temporibus incidunt autem.
204,2.9,Dolorem quis cum.
205,2.08,Accusamus quae accusamus aut consequuntur eaque.
206,3.32,Esse ea odio.
207,3.41,Animi officia exercitationem placeat minus mollitia corporis.
208,1.57,Laborum aut ipsa aut fugiat.
209,4.75,Nihil maxime qui quasi voluptatum.
210,4.84,Dolorum saepe voluptatem saepe ut.
211,4.52,Aut quia aspernatur expedita quo laudantium necessitatibus.
212,1.9,Autem maiores corrupti modi saepe itaque aliquid.
213,4.65,Velit commodi quia cumque velit.
214,1.32,Atque quo dolore consectetur.
215,4.96,Nesciunt omnis consequatur vero ratione tempora praesentium.
216,4.94,Facere saepe vel.
217,3.52,Iste nam assumenda.
218,1.27,Odio commodi commodi magni vel architecto officia.
219,4.38,Dolorem rerum ut aliquam asperiores at minus.
220,1.74,Beatae aliquid repellat nihil occaecati rem.
221,4.94,Saepe ea voluptates ipsa recusandae.
222,1.61,Optio sed aliquam consequatur.
223,3.1,Sapiente est praesentium autem.
224,2.18,Illo tempora provident.
225,4.54,Voluptates adipisci libero autem natus accusantium.
226,3.97,Aspernatur consequatur provident ipsum laboriosam facilis voluptates.
227,3.75,Corrupti rerum magni ea inventore similique.
228,1.47,Itaque nesciunt placeat cumque ex.
229,1.64,Veniam nesciunt doloribus.
230,2.72,Quaerat provident ipsam aut rem quam.
231,4.38,Ex hic itaque amet.
232,4.88,Aliquid dolore ex.
233,4.82,Velit est doloribus minus et reprehenderit voluptatem.
234,1.52,Illum non quis.
235,2.25,Eaque optio debitis placeat iusto quibusdam autem.
236,4.99,Ad earum quaerat.
237,2.05,Recusandae tenetur repudiandae nam doloribus placeat soluta.
238,2.83,Neque perspiciatis dolore odit.
239,4.16,Officiis ratione incidunt adipisci.
240,2.73,Harum inventore quas nemo voluptas labore.
241,4.73,Dicta quisquam accusantium voluptatibus commodi id.
242,2.27,Eveniet veritatis ea voluptates.
243,1.23,Officia asperiores quam explicabo voluptatibus.
244,4.82,Impedit blanditiis delectus omnis.
245,4.71,Rem aspernatur fugit soluta nesciunt modi.
246,1.96,Harum odio itaque sequi aut impedit.
247,4.81,Debitis suscipit quaerat totam mollitia doloremque.
248,3.5,Aliquid deserunt quidem saepe adipisci veritatis.
249,4.01,Repellendus non ducimus eaque eius vel.
250,3.06,Quis sed provident necessitatibus vel asperiores modi.
251,2.06,Libero sed voluptatum nobis corrupti laborum.
252,3.93,Architecto quasi dicta.
253,2.86,Ex id vel dolore.
254,2.59,Nisi vel recusandae nobis repellendus.
255,4.21,Occaecati rerum similique velit beatae optio distinctio.
256,4.95,Sit quibusdam quis aliquam quae et distinctio.
257,4.13,Ut architecto illo eaque.
258,3.45,Nihil neque sit voluptatem doloribus voluptates.
259,1.56,Neque nostrum at corrupti sed.
260,2.16,Necessitatibus incidunt rerum eos.
261,2.18,Autem assumenda dolor magni qui.
262,4.89,Voluptas maxime laborum quo.
263,1.92,Eos eius recusandae ducimus vel tempora ipsa.
264,2.57,Fugit ea sint consequuntur inventore.
265,1.72,Repellat ad ut id.
266,4.56,Similique consectetur suscipit quas consectetur.
267,1.67,Magnam aliquid fugit dolore magnam inventore accusantium.
268,4.0,Doloribus facilis illo earum incidunt nihil.
269,4.07,Molestiae illum optio deleniti distinctio.
270,4.06,Quo inventore dolor impedit laborum doloribus repudiandae.
271,3.71,Similique distinctio velit illo numquam ipsum.
272,4.29,Laboriosam quaerat iusto quo doloribus.
273,2.74,Fugit aperiam reiciendis culpa natus quod voluptate.
274,1.94,Possimus quibusdam non nam impedit.
275,1.6,Quis quos repellendus accusamus quia eum exercitationem expedita.
276,3.24,Molestias beatae aperiam excepturi laboriosam tempore.
277,4.79,Itaque distinctio dolorum excepturi.
278,3.79,Accusantium voluptas quos ipsam nihil.
279,4.46,Porro ullam fugiat iste sunt.
280,2.11,In perferendis ad.
281,3.65,Iure explicabo quae repellat sunt eius.
282,2.84,Quasi tempore nobis laborum.
283,3.55,Vero eveniet eaque tempora aliquid esse eum.
284,2.82,Assumenda modi similique minus quod sunt atque.
285,1.37,Quidem quod vel.
286,3.82,Assumenda explicabo enim assumenda dolores labore id enim.
287,4.71,Nobis assumenda itaque fugit fugiat.
288,2.29,Laboriosam accusantium totam dolorum.
289,4.7,Odio similique distinctio.
290,2.67,Quaerat modi reiciendis nobis repellat.
291,3.96,Iure ex quasi magnam laboriosam.
292,2.15,Impedit sunt perspiciatis.
293,1.54,Possimus earum quaerat suscipit.
294,4.86,Nam suscipit occaecati veniam voluptates vitae.
295,4.11,Ratione consectetur tempore amet nisi corrupti.
296,2.31,Voluptatem vel error nulla cumque maiores esse.
297,1.91,Reiciendis asperiores harum corporis omnis repellendus quas.
298,3.51,Temporibus iusto quisquam alias ducimus neque.
299,3.69,Sed sapiente reiciendis cumque ea.
300,3.52,Doloribus vitae atque harum illum enim.
301,3.86,Animi saepe saepe dolor tenetur.
302,3.25,Autem laboriosam quidem ipsam omnis animi necessitatibus dolor.
303,3.03,Ex sequi mollitia dolore aliquam.
304,2.14,Adipisci tempore officiis et perferendis.
305,4.98,Autem neque officiis.
306,1.82,Illo rem illo corporis dolorem velit tempora.
307,3.05,Aut quos libero dolor quae inventore totam reiciendis.
308,1.56,Consequuntur dicta repellendus odio ullam animi quis recusandae.
309,3.11,Tempora mollitia porro nulla.
310,2.08,Ipsum facilis illo minima voluptates a.
311,3.26,Expedita porro dolore illo nihil maxime beatae.
312,3.99,Odit porro deleniti quia esse.
313,3.4,Neque cupiditate nostrum consequatur vitae quo a.
314,2.25,Nihil ea non officiis praesentium.
315,2.2,Animi vitae itaque mollitia nam doloremque.
316,4.83,Similique autem debitis repellendus distinctio.
317,3.1,Repudiandae optio accusamus tempora.
318,1.36,Provident error veniam ut excepturi esse.
319,2.43,Illum omnis atque suscipit unde.
320,4.68,Tempore maxime minima libero ea.
321,3.49,Nulla vel animi eaque labore architecto.
322,4.93,At iste repudiandae similique harum.
323,1.33,Fugiat error velit exercitationem porro.
324,1.57,Tempore ipsum totam omnis ipsa.
325,4.39,Eaque minus quisquam iusto.
326,2.08,Fugiat ipsa tempore quasi.
327,2.67,Quaerat deleniti nobis dolore blanditiis mollitia neque.
328,4.76,Porro modi vitae aliquam dolores voluptas.
329,3.75,Libero quia ipsum deleniti eum debitis.
330,3.41,Nihil possimus eos placeat voluptates fugiat necessitatibus rem.
331,2.16,Vel perferendis voluptates velit amet distinctio quisquam.
332,3.66,Voluptatibus veniam ullam nulla vero.
333,2.42,Facere tempore omnis nam optio quos.
334,4.77,Quaerat cupiditate quo suscipit fugiat fuga magni.
335,3.59,Esse nisi rem eaque delectus sint magni.
336,2.08,Maxime aspernatur ab.
337,1.02,Quae minus deserunt alias numquam.
338,1.84,Facilis delectus corporis totam nesciunt beatae.
339,2.11,Sequi cumque doloribus mollitia dolore.
340,3.78,Natus dolore expedita minima odit sequi maiores mollitia.
341,3.67,Eum illo eligendi nesciunt officia.
342,3.9,Quaerat sunt iusto consequatur itaque a necessitatibus.
343,2.84,Exercitationem vitae ad voluptatem.
344,2.52,Numquam ea reiciendis dignissimos quae saepe.
345,1.36,Quos molestias ipsum tenetur laudantium maxime.
346,3.15,Cumque illum accusantium autem impedit deleniti officia.
347,1.29,Veniam cumque a perspiciatis voluptatibus sunt at.
348,4.82,Amet dolorum molestias iusto dignissimos.
349,4.23,Qui quibusdam velit voluptatibus corrupti maiores.
350,2.26,Magnam soluta neque adipisci.
351,2.45,Iusto eos cupiditate rerum ducimus eaque.
352,3.86,Fugit eligendi ex.
353,2.7,Quae aperiam nesciunt laborum fuga.
354,1.08,Reprehenderit commodi ipsam facilis reiciendis explicabo.
355,4.57,Eligendi excepturi magnam placeat.
356,4.15,Non eos dolor dolores magnam.
357,1.91,Quia odit deserunt odit facilis.
358,4.64,Adipisci fuga nobis nisi similique aut dolorum.
359,1.04,Aliquam quibusdam expedita harum esse dolore hic.
360,1.38,Eligendi dicta alias quasi.
361,1.73,Vel labore impedit facere debitis nesciunt.
362,4.0,Mollitia dolore adipisci quis ullam quisquam.
363,2.15,Culpa illo facere molestiae dolore.
364,3.83,Suscipit ducimus perferendis sed provident.
365,2.73,Nesciunt quas quibusdam enim sed quasi quibusdam eius.
366,4.27,Optio ratione sequi laudantium suscipit molestiae facilis fugit.
367,2.79,Numquam quod ullam consectetur recusandae.
368,4.93,Iste iure sequi tempora illum eveniet.
369,2.45,Nulla distinctio ducimus modi totam maiores dolore consectetur.
370,1.03,Ullam corporis sint eligendi.
371,3.86,Perferendis vero consequuntur porro quis.
372,1.52,Provident illo unde nostrum nobis pariatur.
373,3.43,Modi animi magnam.
374,4.88,Laboriosam sunt vero recusandae blanditiis molestias.
375,4.96,Cum dolore natus deserunt nisi porro.
376,3.55,Facilis libero vero perspiciatis.
377,1.76,Aperiam cumque odio.
378,1.83,Iste commodi nihil.
379,1.08,Aliquam rem autem repudiandae.
380,4.15,Id expedita quo iste possimus quidem ipsum.
381,1.05,Labore id ea corrupti odit.
382,2.65,Incidunt dolorum natus facilis veritatis adipisci atque.
383,2.53,Cum repellendus ut sunt.
384,1.76,Nulla quos vitae a porro aliquid.
385,4.27,Optio ducimus laboriosam ullam.
386,4.29,Nam quam molestiae eum.
387,2.62,Quos illo maxime fuga minus ea.
388,3.55,Itaque et ea provident quibusdam beatae accusamus similique.
389,3.85,Rerum maxime a exercitationem exercitationem fuga ab.
390,1.16,Cumque distinctio quos voluptate.
391,3.27,Ipsam suscipit quod.
392,1.67,Facilis earum minima porro blanditiis accusamus aspernatur.
393,3.16,Necessitatibus doloribus reiciendis doloribus doloribus perferendis.
394,3.72,Explicabo debitis accusantium eveniet saepe saepe impedit.
395,3.95,Labore maiores quisquam voluptatem reprehenderit minima id repellat.
396,3.93,Quaerat optio minima commodi modi est illo.
397,3.15,Aut molestias natus repellat temporibus vel ex.
398,2.34,Veritatis laborum ex cupiditate aliquid similique.
399,3.96,Et officia beatae numquam placeat eum cupiditate.
400,1.65,Sapiente nam nesciunt officia illum nam enim.
401,1.73,Veritatis ad cumque.
402,1.84,Autem nobis delectus dolorum odit.
403,3.71,Numquam possimus totam quas.
404,3.02,Doloribus voluptatum beatae dolores.
405,2.27,Quod ad dolore natus facere nam.
406,4.86,Beatae aspernatur tempore nostrum quos.
407,1.23,Porro minima voluptatum accusantium minima.
408,3.08,Voluptas consequatur tempora accusantium.
409,2.4,Officia dolores rem ex temporibus voluptatem.
410,2.73,Architecto nulla ratione consequatur illum modi aliquam suscipit.
411,2.17,Mollitia mollitia officia sint.
412,3.55,Distinctio corporis repudiandae asperiores.
413,2.12,Deserunt excepturi dicta.
414,2.62,Culpa mollitia quasi cumque numquam quod.
415,1.09,Doloremque exercitationem atque cupiditate adipisci soluta.
416,3.52,Enim beatae accusamus harum.
417,2.56,Illum veniam explicabo.
418,2.39,Eum sequi animi.
419,4.91,Quo libero fugit ad.
420,2.23,Debitis aperiam dolores iure voluptatum cupiditate qui.
421,3.14,Vitae eveniet eius sed odio optio unde sed.
422,3.93,Aliquid vel dicta rerum.
423,2.67,Fugit quisquam ipsa delectus at.
424,2.42,Totam perferendis a ipsa cum beatae error ducimus.
425,3.01,Illum error rem distinctio.
426,3.15,Nisi iusto autem quae maiores id voluptatum.
427,3.88,Voluptates nesciunt nam rem occaecati facilis vitae.
428,3.65,Quae a quidem blanditiis quas cumque.
429,1.76,Id aspernatur eius nam nulla maiores.
430,3.39,Sapiente amet eaque cum.
431,4.98,Voluptatem deserunt dicta architecto voluptate distinctio mollitia aperiam.
432,3.15,Porro impedit eaque eaque amet earum nemo quos.
433,1.64,Hic amet nobis mollitia saepe.
434,4.19,Odit molestias accusantium laudantium nihil dolor.
435,2.84,Mollitia rem consequuntur.
436,1.77,Dolorem asperiores dolore minima consequatur provident vel.
437,3.4,Temporibus consequuntur odio molestiae.
438,2.11,At debitis consequatur.
439,3.83,Ipsam quos omnis facilis omnis optio.
440,3.02,Quisquam alias expedita est.
441,1.53,Beatae unde quam aliquam aliquam.
442,1.7,Natus incidunt velit facere enim fuga.
443,4.81,Quaerat ipsam est magnam ad molestias.
444,4.08,Quia necessitatibus quibusdam id eveniet provident iusto voluptates.
445,1.18,Est quos nobis nulla sed.
446,4.1,Fugit laborum error deleniti.
447,2.92,Porro adipisci nihil asperiores.
448,3.31,Dolor dolore ratione recusandae atque dolore tempore.
449,4.43,Tenetur praesentium placeat voluptatem iusto.
450,2.8,Praesentium consectetur laudantium quos.
451,4.17,Quibusdam quam velit dicta architecto.
452,4.44,Molestias neque accusantium officiis illo.
453,1.46,Autem unde dolor incidunt molestias et.
454,3.31,Alias sit fugiat.
455,2.09,Sequi modi perspiciatis inventore deserunt.
456,2.32,Doloremque qui accusantium eligendi laborum.
457,4.01,Illo consectetur atque aliquid velit.
458,1.31,Modi excepturi eligendi iure quibusdam.
459,3.36,Iure ipsa sint quasi voluptas.
460,2.11,Labore vel in tempora.
461,4.89,Fugit vel aliquid qui officia ipsam.
462,1.01,Ullam labore ipsum.
463,1.99,Iusto voluptates quam iure ducimus porro sed.
464,4.63,Voluptates nesciunt dolorum.
465,2.58,Exercitationem ad animi distinctio possimus.
466,1.12,Pariatur nemo porro nesciunt totam.
467,4.96,Odio laborum quod aliquam velit culpa.
468,4.61,Iste ipsum mollitia nemo maxime ipsum iste.
469,3.36,Neque quia eos quidem reiciendis.
470,1.87,Distinctio consectetur similique quam.
471,4.56,Doloribus quo mollitia et perspiciatis sequi.
472,3.91,Rerum magni id quo nulla eum.
473,5.0,Deleniti ratione minus fugit non distinctio.
474,1.65,Ducimus accusantium impedit.
475,1.08,Consequuntur vel laboriosam.
476,2.34,Iste voluptas quidem officia tempore nesciunt at id.
477,1.27,Ducimus ullam sint consequatur ullam vel voluptas.
478,2.17,At sed sunt voluptatem.
479,3.77,Unde doloremque dolorem repellat laudantium molestias esse.
480,1.32,Quibusdam beatae voluptas fuga non.
481,3.51,Ad facilis nisi in explicabo ex.
482,1.17,Exercitationem aliquam excepturi ipsum.
483,2.05,Itaque adipisci necessitatibus voluptatum sit libero.
484,2.14,Quae fugiat odio quo voluptates necessitatibus eius.
485,4.84,Voluptates voluptas mollitia tenetur optio.
486,4.88,Aperiam hic impedit.
487,1.87,Numquam dolores quo dolorem molestiae.
488,1.29,Facere quis fugiat recusandae ipsam voluptates cum.
489,3.6,Cupiditate ratione ullam maiores rerum ad.
490,2.93,Quae quasi veritatis debitis distinctio atque debitis.
491,2.13,Soluta inventore hic illo optio libero delectus praesentium.
492,2.05,Hic cupiditate molestias.
493,2.29,Sunt consectetur illo autem.
494,1.33,Consectetur hic repellat corporis et earum dicta.
495,4.5,Ad voluptatem provident laborum perferendis corrupti.
496,1.37,Ea id rem maiores recusandae.
497,1.7,Deserunt neque nobis fuga consequatur fugit.
498,3.07,Iste debitis numquam numquam ex dignissimos expedita.
499,3.4,Veritatis est ipsum odio perspiciatis minus.
500,2.07,Ullam corrupti odio beatae tempore quasi.
501,2.89,Est corporis doloremque doloribus commodi dolorum.
502,2.84,Id eius impedit quo accusamus soluta nobis.
503,3.48,Aut aspernatur quos quis maxime omnis.
504,3.9,Eligendi nobis quidem aspernatur consequuntur.
505,4.24,Autem reiciendis libero architecto veritatis quidem perferendis repellendus.
506,4.52,Adipisci sapiente minima.
507,3.67,Dolor eaque excepturi exercitationem officia.
508,4.1,Iusto ipsum maiores iusto ipsam aliquid.
509,1.16,Cumque iusto harum quia eos quia aliquam.
510,4.62,Dignissimos reiciendis consequuntur recusandae vero.
511,1.41,Amet tempore voluptatem aliquid a porro distinctio et.
512,4.8,Enim a ullam.
513,3.55,Quis quasi architecto repellendus.
514,4.62,Voluptatem incidunt nobis odit ad libero.
515,2.82,Ducimus sunt ea.
516,3.29,Doloribus nisi repudiandae quaerat.
517,4.75,Magni expedita tempora deleniti.
518,3.38,Blanditiis dolor deleniti.
519,2.93,Similique esse enim impedit quod accusantium veritatis.
520,3.16,At molestiae a ullam eum similique impedit consequatur.
521,2.48,Mollitia id voluptatem.
522,2.26,Corporis cupiditate cumque distinctio tempora.
523,3.41,Sunt ratione aliquid voluptates totam fugiat.
524,3.58,Doloribus tempora ex consequuntur occaecati.
525,3.88,Officia quae quaerat voluptatibus ipsum quo.
526,3.84,Voluptate dolores labore possimus veritatis incidunt consequuntur.
527,4.09,Delectus dicta doloremque doloribus nihil minus sit aliquid.
528,2.27,Minima dolor laboriosam voluptate odio.
529,3.01,Dicta pariatur eius sed.
530,2.89,Temporibus excepturi velit illo distinctio repellendus nostrum.
531,4.14,Quae aliquid eos consequatur vero.
532,2.36,Nesciunt veniam corporis doloribus rem ut.
533,4.3,Labore nisi mollitia iste autem.
534,2.71,Minus cum reiciendis ducimus.
535,1.47,Beatae molestiae unde accusamus rerum.
536,4.89,Officiis repellendus inventore provident eum error deserunt.
537,2.21,Sapiente cumque impedit nobis explicabo accusantium.
538,4.6,Ex tempore amet.
539,4.44,Dicta nihil vel deserunt.
540,4.15,Distinctio enim in illum repudiandae sapiente.
541,1.98,Provident a labore dolore blanditiis adipisci saepe vel.
542,4.4,Quod tenetur facere iusto quam possimus.
543,1.3,Accusamus possimus autem voluptates eveniet.
544,3.0,Voluptas ratione magnam doloremque adipisci laudantium.
545,3.63,Occaecati assumenda similique vel aliquam sed numquam.
546,3.03,Quis quisquam temporibus quidem ipsum.
547,3.8,Sapiente blanditiis quod ullam inventore harum saepe ullam.
548,4.2,Reiciendis provident rem voluptatem.
549,4.69,Excepturi eos non quam nostrum autem assumenda.
550,1.6,Sapiente optio assumenda.
551,4.89,Illum perferendis rerum odio ipsam assumenda.
552,4.57,Ducimus sapiente velit reprehenderit.
553,4.34,Labore quos eaque distinctio quae temporibus aliquam adipisci.
554,4.41,Veniam praesentium labore veritatis debitis eveniet.
555,3.26,Veniam est alias recusandae eos.
556,3.27,Rem doloremque inventore velit soluta sunt nesciunt.
557,4.25,Culpa reiciendis enim itaque nihil voluptate.
558,4.89,Amet voluptatum veritatis ipsum deserunt autem.
559,1.89,Corporis quibusdam molestias repudiandae quas deleniti.
560,2.93,Distinctio totam necessitatibus esse totam.
561,3.34,Aliquid excepturi ex vero et.
562,3.29,Soluta quo provident odit.
563,1.42,Perferendis veniam ipsa laboriosam omnis fuga praesentium.
564,3.94,Maiores maiores officia earum eius rem ipsa.
565,2.11,Repudiandae delectus eius culpa.
566,1.2,Dicta minima atque dolores ex.
567,1.19,Iusto error assumenda corrupti cumque architecto voluptatem.
568,2.22,Modi neque nulla magnam voluptatibus similique laboriosam.
569,4.73,Error animi mollitia nemo maiores.
570,3.41,Nulla rerum facilis laudantium sint.
571,1.12,Nulla excepturi sapiente soluta occaecati neque labore.
572,3.03,Veritatis eveniet neque consectetur blanditiis.
573,3.22,Cumque sit quod laudantium.
574,3.55,Reprehenderit quo quaerat commodi.
575,3.44,Ipsum neque doloremque voluptatibus optio.
576,3.73,Esse amet veritatis distinctio praesentium praesentium.
577,2.74,In vitae tenetur perspiciatis a est.
578,1.01,Amet harum cupiditate incidunt numquam officiis laudantium.
579,4.35,Omnis dolore eos.
580,4.55,Officia vitae dolorum corrupti accusantium.
581,3.87,Voluptatem autem voluptates officiis officiis ipsam.
582,1.88,Expedita voluptas recusandae aperiam eum facere pariatur.
583,1.08,Nisi nisi reprehenderit fugit incidunt.
584,2.64,Ex quidem deserunt blanditiis odio quae libero.
585,4.8,Labore sed cum adipisci in voluptatum provident consequatur.
586,4.7,Officiis laudantium a ipsam accusantium quod tempora.
587,3.74,Placeat enim molestiae nam.
588,2.81,Dolorem ea non.
589,4.07,Quod vero molestias.
590,1.75,At perspiciatis soluta ipsam enim quisquam fugiat.
591,4.2,Sint magni dolorem amet.
592,1.03,In ab cupiditate eum ea nisi nisi qui.
593,1.99,Occaecati laborum doloremque architecto.
594,4.51,Nam reprehenderit libero exercitationem exercitationem.
595,4.28,Provident excepturi eum fugiat.
596,3.53,Eius aliquid aliquid.
597,3.46,Fuga ab fugit officiis deleniti.
598,4.14,Blanditiis amet consectetur doloribus.
599,3.56,Nobis quae nemo magnam eaque debitis.
600,2.8,Impedit similique minima nisi repudiandae sint.
601,4.85,Ipsa esse quae sint.
602,3.25,Saepe amet nemo facere voluptatem placeat.
603,3.59,Nesciunt assumenda dolores ut alias molestiae quo.
604,1.94,Dolores vitae saepe deleniti.
605,1.72,Quos quidem deleniti quod illum earum enim.
606,3.14,Inventore necessitatibus culpa omnis accusamus illum.
607,2.18,Dicta praesentium minima incidunt minus.
608,2.5,Nulla qui nulla officiis magni vero.
609,4.46,Minus voluptas magni reprehenderit quos incidunt.
610,4.22,Sunt perferendis dolores eligendi iste culpa.
611,4.71,Quasi rerum praesentium nisi molestias ipsam.
612,2.23,Exercitationem eveniet incidunt consequuntur molestias hic quisquam.
613,3.99,Unde quidem beatae porro illum eos.
614,1.95,Sunt atque eum architecto.
615,2.71,Dolores temporibus placeat dolorem quis error tenetur.
616,3.93,Incidunt tempore deleniti nemo unde esse illum molestiae.
617,1.2,Ea dolor quibusdam culpa similique.
618,1.65,Dolore praesentium explicabo beatae consequuntur.
619,2.59,Illum dolores nulla nemo unde.
620,4.74,Occaecati quam eaque quasi delectus.
621,4.16,Quisquam similique eaque magnam.
622,4.44,Cum dignissimos vero.
623,2.67,Quis nobis animi sequi.
624,4.41,Est iusto animi modi dolore.
625,3.61,Dolorem minus culpa ad.
626,2.29,Vel minus quae beatae alias nemo neque.
627,2.81,Tempore quis cum laboriosam consectetur assumenda voluptas.
628,3.43,Recusandae dolorum commodi modi similique id consequatur dignissimos.
629,2.83,Qui exercitationem laudantium repellendus mollitia.
630,1.79,Fugit eum corrupti in nihil voluptatem culpa quis.
631,2.61,Adipisci id nam esse ad nulla error.
632,4.32,Ipsa numquam nihil laborum.
633,1.55,Est perspiciatis animi voluptate reiciendis assumenda eum.
634,3.21,Dolore fuga doloremque in a enim aperiam odio.
635,3.68,Fuga ullam modi asperiores soluta repudiandae.
636,1.32,Dolores dicta delectus iusto quam optio nesciunt.
637,1.71,Ex autem architecto tempora ab consequuntur adipisci.
638,3.7,Eos iure nesciunt.
639,2.28,Accusantium voluptatum quod quo atque molestias.
640,2.86,Sequi natus quod.
641,4.52,Fuga neque quo esse.
642,2.11,Sed aliquam corrupti reiciendis et harum.
643,1.93,Quas eaque consequatur consequuntur in culpa recusandae.
644,1.81,Distinctio aliquid modi explicabo animi dolores.
645,4.18,Facere corrupti excepturi porro saepe.
646,1.42,Tempore quas quo aperiam adipisci eaque.
647,1.19,Cum voluptatibus ratione facilis animi modi.
648,2.64,Qui culpa earum doloremque libero autem.
649,1.11,Pariatur tempora assumenda dolorum quae.
650,3.41,Ducimus expedita autem deleniti accusantium sequi iusto.
651,3.69,Quasi itaque rerum voluptatem ipsam omnis.
652,4.65,Molestias odit magni.
653,3.96,Quaerat ab tempora recusandae libero.
654,4.27,Perferendis fugit amet.
655,2.67,Blanditiis delectus esse tenetur ratione eius.
656,4.67,Eveniet sed consequatur ex voluptate iusto.
657,2.24,Quaerat similique possimus.
658,4.92,Dolores quibusdam ipsa commodi eos quidem quam.
659,2.66,Molestias aut magnam nesciunt magni porro qui.
660,3.01,Sapiente omnis provident hic quo exercitationem.
661,3.33,Illum iure commodi molestias rerum accusantium aliquam non.
662,3.03,Repellat adipisci quod necessitatibus facilis veniam eos atque.
663,3.3,Nesciunt nihil quibusdam iure nesciunt doloribus.
664,3.67,Possimus ratione atque provident tenetur beatae necessitatibus vel.
665,2.13,Molestiae perferendis perspiciatis reiciendis.
666,3.27,Repellat ratione sit soluta soluta amet.
667,1.84,Eum repellendus necessitatibus iusto soluta.
668,1.23,Beatae dignissimos occaecati mollitia aut inventore debitis.
669,3.68,Tenetur ipsa iure voluptatem error officiis.
670,1.44,Quia atque nulla harum.
671,1.93,Voluptatem natus ex id quae.
672,1.02,Eaque quisquam nemo adipisci voluptas.
673,4.15,Officia cumque rem nesciunt alias ipsam.
674,4.47,Optio in rerum eos placeat vitae amet.
675,1.16,Qui quaerat quod enim aperiam ut quia doloribus.
676,1.97,Accusantium molestiae minima corrupti.
677,1.3,Magni qui ea aliquid aspernatur officia fuga.
678,3.7,Illum illum assumenda debitis quidem.
679,4.1,Libero eum explicabo animi vero hic.
680,4.73,Pariatur repellendus sequi esse doloribus veniam.
681,1.59,Necessitatibus unde velit quae et.
682,4.62,Vel soluta consequatur nisi consequuntur libero ut ex.
683,2.78,Commodi quo dolorem officia.
684,3.92,Ullam voluptatum magni repudiandae quam voluptatum quas.
685,1.25,Molestias aspernatur ratione esse odit quod cupiditate.
686,3.93,Quod odio odit ullam enim.
687,4.56,Commodi adipisci qui molestiae illo.
688,4.99,Possimus possimus veniam sed.
689,1.3,Similique consectetur similique libero natus quasi recusandae.
690,2.88,Autem vitae repellendus quasi.
691,4.93,Architecto unde laboriosam perspiciatis harum sit culpa.
692,2.6,Tempora eveniet quasi nostrum.
693,3.66,Laboriosam ipsum ab cum maiores amet.
694,4.29,Consequatur dolor corporis dignissimos molestias eius sint.
695,4.75,Porro maxime voluptas unde.
696,4.54,Ea accusamus nam magnam.
697,1.65,Cum atque rem asperiores.
698,4.96,Aliquid ea quaerat quaerat dolor aut ducimus.
699,3.25,Veniam commodi voluptates hic perferendis.
700,3.29,Atque rem repudiandae vero.
701,1.22,Consequatur incidunt commodi provident unde iusto.
702,1.44,Minus est veritatis ipsam dolores amet ratione.
703,3.25,Facilis eum ex.
704,3.32,Aspernatur sint incidunt alias nulla.
705,1.24,Odit ullam est tempora magnam magnam.
706,1.42,Ut nemo cum blanditiis commodi veniam.
707,4.09,Rem molestias placeat quam.
708,4.04,Voluptate quisquam nam dignissimos.
709,4.47,Tempore reiciendis velit fugiat nobis eligendi deserunt dignissimos.
710,4.24,Corporis ullam consectetur excepturi praesentium aliquid voluptates.
711,3.95,Molestiae quis fuga necessitatibus occaecati ex.
712,3.02,Qui dignissimos quisquam quasi aspernatur laborum.
713,4.99,Commodi rem facere voluptas ratione.
714,4.04,Dolorem numquam saepe.
715,2.24,Dignissimos assumenda quaerat quidem.
716,3.72,Iure quia dolorum saepe magnam.
717,1.59,Labore impedit molestiae alias sequi.
718,1.2,Odit consequatur expedita nam omnis quos iure incidunt.
719,2.73,Nihil inventore eius nemo hic voluptatem.
720,1.32,Quae necessitatibus rem sint facere quas delectus sapiente.
721,2.27,Nisi enim culpa temporibus ut debitis.
722,2.6,Quam ratione perspiciatis eos.
723,1.78,Quam tenetur quasi laboriosam tempore.
724,4.77,Consequuntur maiores numquam laudantium doloremque.
725,1.82,Laboriosam sed earum incidunt.
726,1.43,Harum in magni laboriosam aliquid.
727,1.76,Neque cupiditate eveniet vero saepe ea odio.
728,4.44,Veniam aliquid laudantium minima exercitationem.
729,1.76,Incidunt magni et.
730,4.67,Incidunt nemo non commodi fuga.
731,1.23,Porro reprehenderit sapiente quidem vero.
732,4.13,Debitis quos aut harum quae cumque.
733,2.4,Aliquid corporis totam deleniti vero.
734,1.51,Nisi cum exercitationem facere maiores cum temporibus quos.
735,1.46,Sequi iste numquam.
736,2.3,Delectus culpa illum laboriosam eaque minus eos.
737,1.99,Ea sit sit autem nostrum.
738,2.22,Ab officia numquam numquam.
739,1.84,Similique ea at provident consectetur temporibus.
740,4.21,Libero nesciunt modi commodi doloremque maiores.
741,2.52,Ullam dolore aperiam.
742,3.0,Hic rerum consectetur magni.
743,2.98,Sed molestias nobis natus itaque architecto.
744,3.81,Quia ea incidunt error necessitatibus eveniet laborum.
745,2.26,Rem minus repellat sequi illum earum nam.
746,4.15,Ullam excepturi quis exercitationem deleniti voluptatem enim.
747,2.38,Maxime nulla fugit veniam reprehenderit hic.
748,4.06,Adipisci voluptates similique culpa ex numquam.
749,4.72,Voluptate alias optio at.
750,1.68,Cumque voluptatem quisquam magni aliquam unde ratione.
751,4.74,Necessitatibus omnis vel reiciendis.
752,2.18,Sit dicta quas eaque illum nesciunt cum.
753,4.5,Eos rerum laudantium incidunt laborum eaque cumque.
754,1.8,Adipisci itaque saepe qui officiis.
755,3.98,Repellendus nulla adipisci delectus tenetur porro.
756,1.92,Sequi dolor omnis vitae porro a dignissimos itaque.
757,4.72,Impedit eius veritatis mollitia exercitationem.
758,1.01,Nulla molestias mollitia fugiat magni.
759,3.07,Atque quasi earum iure exercitationem rerum.
760,3.14,Aut iste voluptates cum quia culpa non.
761,4.33,Aspernatur beatae accusamus tempora quod.
762,1.53,Aliquam amet ratione pariatur sit facere.
763,3.79,Alias esse sapiente dicta quasi numquam.
764,3.23,Cumque occaecati natus voluptas.
765,1.86,Aliquam at nulla doloribus.
766,1.67,Ducimus reiciendis deserunt.
767,3.01,Tempore delectus dolore nostrum sit.
768,2.87,Maiores ipsam sapiente eius fuga.
769,1.45,Vitae doloremque dicta.
770,1.4,In ad officiis tenetur excepturi.
771,1.05,Beatae tempora exercitationem est totam ad consectetur dolorem.
772,3.92,Dicta animi itaque incidunt dicta vero dicta in.
773,1.82,Est cumque eius maiores.
774,3.12,Nulla voluptatum maiores.
775,4.58,Saepe atque non minima modi iste dolorem.
776,2.68,Et sed porro accusantium.
777,2.58,Esse sunt porro saepe praesentium nihil.
778,3.74,Culpa in ratione recusandae nulla nemo odio sapiente.
779,1.02,Fugiat cupiditate tenetur vitae aperiam alias repellat.
780,3.56,Maxime veniam similique eum iure laborum.
781,4.09,Vitae consectetur sequi necessitatibus.
782,3.48,Quam pariatur doloremque repellat.
783,3.39,Accusamus error sequi non in.
784,4.57,In ullam praesentium praesentium.
785,3.19,Dolor quas atque facere nulla unde odit voluptates.
786,4.58,Nemo incidunt assumenda repudiandae deserunt.
787,2.09,Aliquid esse ratione corrupti.
788,2.97,Alias nulla inventore quo neque alias.
789,4.34,Deserunt ea ullam quisquam tempore est voluptatibus.
790,3.18,Repellat fugit velit eveniet.
791,4.03,Deserunt dolorem beatae quaerat magnam earum.
792,4.98,Earum quidem magnam magni voluptatum eveniet maiores.
793,2.79,Eos animi omnis assumenda pariatur voluptatibus fuga fugit.
794,1.35,Illum at temporibus laudantium.
795,3.62,Rerum vel voluptas eligendi.
796,3.98,Dolores vero vero harum.
797,2.14,Consequuntur cumque cum quasi.
798,3.03,Quo molestias nemo ipsum eum adipisci dolorum.
799,4.54,Doloremque sit repellat maxime.
800,3.6,Quasi labore adipisci maiores.
801,4.61,Molestiae cum nesciunt.
802,4.32,Fugit doloribus aspernatur enim sequi.
803,3.91,Dolore numquam reprehenderit veniam itaque consequuntur amet.
804,4.02,Quia deleniti porro dolorum.
805,2.83,Quo sequi corrupti officia eveniet.
806,3.22,Aliquam fuga dolorem optio libero aspernatur.
807,1.1,Porro dolor sequi architecto odio.
808,4.02,Eaque repellat alias non sint voluptates ipsa.
809,3.82,Praesentium quis vero saepe dolores similique.
810,1.13,Nulla perferendis aut doloremque expedita placeat qui.
811,4.43,Possimus exercitationem provident iste.
812,3.0,Repellendus eaque corporis blanditiis quidem incidunt.
813,1.48,Ab voluptatibus ipsum veritatis nulla iste culpa aspernatur.
814,4.01,Molestias necessitatibus quae laborum cum.
815,3.45,Autem dolor ea inventore.
816,4.14,Provident maxime incidunt eius quidem minima.
817,3.93,Velit accusamus voluptatibus amet nesciunt.
818,4.92,Nam incidunt cupiditate ab expedita nesciunt.
819,1.39,Deleniti nostrum cumque delectus.
820,1.9,Ut ratione in suscipit sequi neque consectetur eligendi.
821,4.6,Error dicta suscipit voluptas iusto totam.
822,3.57,Tempore id ad reiciendis quod amet dolorum.
823,1.21,Provident repudiandae voluptate non ea blanditiis debitis.
824,3.68,Assumenda tempora dignissimos sunt laboriosam voluptatem nesciunt.
825,1.14,Id tenetur eaque fuga laborum.
826,4.59,Ducimus ex praesentium nam minus.
827,4.62,Vel fugiat cupiditate sapiente nesciunt cupiditate sit.
828,4.57,Quaerat error atque ex.
829,4.58,Molestiae repellendus porro unde ipsa assumenda deserunt doloremque.
830,4.93,Quidem dolores totam esse sit cupiditate quisquam.
831,3.12,Ex ipsum delectus exercitationem.
832,2.86,Repudiandae repellendus possimus ea error provident harum.
833,1.09,Ipsam ab voluptas sit expedita similique.
834,1.66,Eum quibusdam ducimus accusantium asperiores.
835,3.39,Atque molestias officia eius ullam recusandae.
836,2.21,Assumenda blanditiis deleniti magni aut numquam.
837,2.21,Eum aliquid quam officia corporis commodi fugiat ipsa.
838,3.55,Vero non quae iure earum.
839,1.59,Voluptatibus in totam dignissimos incidunt temporibus.
840,4.18,Deleniti molestiae cum nihil odio voluptatum ex a.
841,2.76,Deleniti fuga error error repellendus.
842,3.37,Quo enim perspiciatis possimus.
843,1.49,Tempora tenetur ut iste est.
844,1.95,Quia voluptatum fugit temporibus facilis impedit.
845,3.1,Aliquam ab a blanditiis.
846,3.4,Sequi temporibus nobis amet veritatis aut quos.
847,2.58,Cum vitae libero molestiae.
848,3.35,Ipsa praesentium sequi voluptas deserunt doloremque.
849,4.14,Odio ipsum eius laudantium aspernatur amet.
850,1.32,Architecto itaque delectus vitae nostrum similique fugit.
851,2.8,Eveniet tenetur alias repellendus nisi veritatis.
852,4.15,Sed voluptatibus similique nesciunt ab nemo culpa neque.
853,2.77,Illum facere ab doloribus.
854,1.64,Iste dolor nesciunt consectetur quae et facere.
855,2.99,Quod totam numquam.
856,2.21,Dignissimos delectus laboriosam quas quae cumque explicabo.
857,2.99,Cupiditate incidunt nam a ea nobis sapiente.
858,1.88,Alias culpa quaerat necessitatibus veritatis soluta.
859,4.22,Minus saepe eligendi quas perspiciatis.
860,3.06,Dignissimos repudiandae expedita aut vero fuga.
861,4.97,Repudiandae asperiores explicabo quae nemo eos.
862,4.98,Maiores labore tempora pariatur expedita saepe.
863,4.83,Unde delectus nesciunt voluptates ex minima est.
864,4.23,Velit repellendus rem praesentium voluptate error.
865,1.63,Consectetur aliquid ipsum a eaque.
866,3.78,Repellat inventore ratione error in ipsa quos.
867,4.26,Nulla quae nam sed laborum saepe voluptatibus.
868,3.14,Officia nulla sit esse illo.
869,3.57,Earum fuga quaerat laborum quaerat.
870,2.21,Vel sequi tenetur minus.
871,1.42,Consequatur quae debitis cupiditate.
872,1.73,Libero illum commodi minima animi libero laudantium tempore.
873,4.16,Est nihil est sit voluptate nisi fugit.
874,4.2,Dolor molestiae numquam quaerat asperiores.
875,4.63,Quam voluptas culpa occaecati nisi maiores.
876,3.04,Ut tenetur labore temporibus dignissimos.
877,2.15,Omnis animi molestias tempore nulla tempore.
878,4.92,Distinctio nemo laboriosam optio.
879,2.09,Voluptates optio nulla dignissimos.
880,1.36,Corrupti commodi dolor laudantium eligendi cumque quia.
881,1.15,Ab nemo nostrum veniam.
882,3.98,Id porro dolorum quos.
883,2.43,Optio consectetur ut expedita saepe labore.
884,1.47,Magni cupiditate nulla enim libero nisi.
885,1.16,Nobis beatae vitae cumque aut minima.
886,2.31,Veniam tempora odit quasi fugit voluptatum repudiandae.
887,4.42,Delectus eveniet eaque occaecati voluptas.
888,2.11,Harum atque enim velit assumenda.
889,1.2,Laboriosam eveniet distinctio laudantium.
890,4.27,Necessitatibus pariatur necessitatibus eveniet architecto.
891,3.79,Nostrum laborum consequuntur labore accusamus temporibus.
892,1.94,Nemo perferendis eaque nobis in.
893,4.33,Expedita sit sit magni porro maxime itaque sapiente.
894,4.08,Qui maxime illo.
895,2.95,Nulla porro cupiditate quam consequatur.
896,4.62,Voluptatibus id ut quidem placeat optio.
897,1.56,Iste vitae sapiente ducimus.
898,2.91,Iste modi doloribus deleniti optio.
899,3.4,Neque saepe pariatur vero.
900,2.19,Exercitationem sed fuga iusto architecto id.
901,2.87,Iusto rerum pariatur facere voluptates dolor quasi.
902,4.95,Recusandae magni quas.
903,3.78,Magni quam expedita dignissimos.
904,2.62,Ducimus soluta totam sed aliquid.
905,4.51,Laborum vero possimus commodi.
906,3.9,Expedita excepturi sunt assumenda eaque amet sunt.
907,2.64,Labore corrupti ab.
908,3.29,Fuga quaerat cum quas.
909,3.8,Iusto vero accusamus repudiandae dolorum asperiores.
910,4.47,Perferendis ullam dolores suscipit perferendis incidunt.
911,3.96,Nam fugiat eum dolores.
912,1.4,Ad unde repudiandae numquam totam hic quod omnis.
913,2.84,Assumenda minima ea harum veritatis error molestias.
914,2.53,Debitis dolorum sint quo sint.
915,3.55,Aperiam eaque eaque omnis iure ex.
916,1.91,Ipsa atque aperiam quibusdam fugit ab.
917,2.09,Vitae maiores dicta modi ea earum.
918,1.89,Eligendi laudantium quae molestiae quidem.
919,2.18,Quibusdam earum fuga alias culpa eligendi iure distinctio.
920,4.18,Nulla in consequatur provident reprehenderit ullam.
921,4.12,Id sequi voluptatibus fugit.
922,3.9,Assumenda et quam minus blanditiis cumque.
923,2.97,Inventore aspernatur maiores eos error voluptas ipsam.
924,3.4,Suscipit consectetur corrupti facilis enim consequuntur eius.
925,1.03,Harum minus ut possimus architecto eius iusto.
926,3.93,Eos quidem explicabo asperiores repellendus maxime.
927,1.4,Nam nemo et eos error ratione.
928,4.01,Accusantium dolores quisquam voluptatum temporibus deleniti ad.
929,1.14,Possimus tenetur temporibus ipsam odio incidunt.
930,2.69,Dolor error rerum deleniti nam qui.
931,1.76,Voluptas accusamus incidunt deleniti.
932,1.27,Ducimus libero perferendis nihil.
933,1.86,Sed praesentium quibusdam voluptatibus optio laboriosam.
934,1.22,Aspernatur officiis dolor.
935,3.08,Esse ipsa sapiente maiores suscipit sunt quaerat.
936,3.36,Recusandae ipsam earum fugiat id minima illo.
937,2.9,Ut ipsa laboriosam ducimus soluta explicabo nulla officiis.
938,2.12,Dolorem nam maiores animi similique earum.
939,3.62,Maxime maxime optio impedit dolorum voluptatem magni.
940,3.91,Fuga libero nulla recusandae suscipit.
941,4.81,Sapiente debitis eligendi eveniet hic.
942,3.88,Ullam quam delectus cum est sequi.
943,2.05,Ab cumque amet.
944,4.89,Placeat ratione reprehenderit fuga sequi.
945,1.29,Quidem natus ratione pariatur quasi et suscipit.
946,2.98,Rem saepe in atque assumenda culpa quod.
947,1.35,Necessitatibus molestiae sapiente doloribus sint.
948,2.35,Libero molestias optio unde labore quibusdam doloremque repellat.
949,1.56,Nobis in error.
950,4.13,Vel in natus quas.
951,2.9,Repudiandae exercitationem laboriosam odit amet corrupti.
952,3.25,Fuga tempora rerum atque perspiciatis optio.
953,4.93,Modi delectus ducimus enim iure reprehenderit magnam.
954,2.01,In quos exercitationem quam voluptates id accusantium.
955,2.39,Ipsum rerum doloremque.
956,2.78,Accusamus dolore aut reprehenderit alias eius nostrum aut.
957,3.09,Labore itaque vitae saepe.
958,1.36,Perspiciatis delectus ratione itaque laboriosam occaecati possimus.
959,1.19,Explicabo rem sit.
960,2.32,Repellat quis similique esse expedita saepe.
961,1.79,Ut aliquam at excepturi.
962,4.25,Velit quo nam libero voluptates.
963,2.07,Facere impedit laboriosam vero hic.
964,3.82,Aperiam culpa amet voluptas.
965,2.87,Illo tenetur aut odio eveniet alias quis illo.
966,1.22,Quidem eligendi quaerat asperiores nulla qui provident.
967,3.69,Dolorum ducimus earum sequi.
968,2.82,Aliquam praesentium qui inventore inventore tempora accusantium.
969,3.62,Tenetur repellat quis.
970,3.21,Recusandae totam soluta accusantium.
971,4.11,Eaque dignissimos reprehenderit iusto optio rerum.
972,1.4,Sint rem quia odio nisi voluptates recusandae.
973,1.22,Molestiae nam magni ut.
974,1.72,Autem dolores sequi.
975,1.3,Alias maiores accusamus maxime ducimus.
976,2.12,Nostrum harum similique provident expedita saepe.
977,3.59,Eum eligendi nulla dolor a aliquam vero praesentium.
978,4.26,Ratione voluptatem sint odio eos sapiente.
979,1.44,Nulla quidem praesentium.
980,3.63,Sunt veritatis facere saepe doloremque ipsam quod earum.
981,1.86,Vel facere esse molestiae.
982,4.67,Exercitationem explicabo eaque facilis magnam nobis voluptatem.
983,3.33,Alias quibusdam perferendis voluptatem consequuntur ab repellat expedita.
984,1.99,Tenetur blanditiis consectetur.
985,3.88,Modi distinctio cum amet.
986,1.08,Sapiente velit rerum nemo in omnis nemo.
987,1.03,Enim eum quasi quaerat excepturi deleniti.
988,4.04,Architecto provident quas molestias veritatis.
989,4.42,Optio incidunt exercitationem placeat fuga.
990,3.43,Corrupti adipisci rerum hic cupiditate iure.
991,2.1,Quisquam mollitia consequatur accusamus nihil magnam.
992,2.34,Dolorum error rerum assumenda.
993,1.77,Aut soluta quo qui.
994,3.54,Omnis repudiandae necessitatibus voluptates sed.
995,1.64,Quae porro ea aut est tempora ipsam.
996,1.95,Eos corrupti atque laudantium asperiores eum.
997,2.72,Libero magnam quidem culpa ipsa eius.
998,1.71,Aliquid accusantium iste consequuntur tenetur vero.
999,3.38,Dicta similique debitis aliquam ipsam perspiciatis alias.
1000,1.74,Esse repellendus hic corrupti.
