Cliente_ID,Inquérito_ID,Pontuação,Comentário,Data do Inquérito
221,1,5,Veritatis expedita assumenda fugiat.,2014-10-20 15:43:39
724,2,1,Sint nisi consequatur nesciunt veritatis dolor sint voluptates.,2021-02-28 16:19:04
547,3,4,Blanditiis exercitationem temporibus doloremque totam cumque doloribus.,2019-10-13 01:57:22
799,4,3,Quam ad aperiam suscipit error inventore cumque.,2023-01-19 06:56:36
885,5,5,Sunt delectus repellendus officia nesciunt.,2017-08-18 05:46:11
641,6,5,Asperiores suscipit aspernatur doloremque nihil.,2017-03-15 22:09:59
55,7,3,Quam ratione quibusdam ipsa.,2016-02-22 10:21:32
80,8,1,Ex earum voluptas ipsum ipsam veritatis rerum.,2020-11-08 19:02:12
822,9,1,Atque soluta a modi rerum dolore fuga.,2020-06-12 05:17:22
932,10,1,Nulla id similique enim explicabo dolorem quo amet.,2021-10-26 10:24:27
969,11,3,Debitis vitae vitae repellat.,2022-02-25 23:57:34
838,12,3,Minima nihil pariatur doloribus.,2016-04-18 03:18:43
820,13,2,Velit voluptatem optio soluta magnam quasi.,2016-03-06 17:37:25
509,14,1,Nulla repellendus neque iusto.,2021-09-03 09:01:35
473,15,1,Incidunt officiis dolores quaerat minus.,2014-04-29 00:18:11
183,16,1,Blanditiis quae non optio provident maiores illo.,2014-06-23 23:13:03
417,17,5,Necessitatibus cum sint explicabo ipsum in perferendis occaecati.,2022-05-25 04:57:22
68,18,1,Cupiditate nesciunt commodi quo facilis ipsum culpa.,2014-05-27 04:34:31
953,19,3,Culpa quia architecto maiores temporibus voluptates beatae.,2015-07-26 19:13:59
349,20,1,Voluptas quam quod minus vitae.,2016-11-30 23:43:49
947,21,5,Quas perspiciatis cumque illo aut facilis.,2023-01-21 02:16:38
885,22,3,Neque eum reprehenderit dolores ad.,2022-05-18 09:48:46
671,23,5,Eligendi rerum neque nemo illum laudantium sint.,2022-11-24 08:18:20
543,24,4,Dignissimos recusandae molestias quae quaerat nulla vero dolores.,2018-09-07 15:06:48
502,25,2,Ea rem ab.,2017-09-13 08:19:32
817,26,2,Sequi unde hic amet maxime.,2014-08-27 21:36:29
652,27,1,Quisquam earum quasi quod debitis.,2014-05-24 02:59:15
899,28,5,Autem nam dolor quidem quidem ullam.,2020-12-29 22:50:18
753,29,3,Eaque provident magnam natus sint numquam blanditiis illum.,2019-06-19 16:27:54
937,30,5,Aspernatur officiis cupiditate est suscipit eius quaerat.,2017-09-30 11:36:11
569,31,1,Nostrum reiciendis consectetur totam tenetur.,2024-05-14 12:46:36
796,32,3,Ipsam vero magni voluptatibus rerum.,2021-11-23 22:55:49
848,33,1,Deleniti minima accusantium placeat.,2016-08-07 12:02:00
392,34,5,Voluptate nisi officiis incidunt alias.,2023-07-12 06:08:00
858,35,2,Quia quidem odit vitae quos dolore iure.,2020-11-28 07:45:34
775,36,4,Blanditiis dolorem exercitationem fugit perspiciatis eligendi.,2019-04-08 09:31:08
210,37,2,Praesentium ab fugit voluptatem praesentium.,2020-08-01 12:32:52
500,38,1,Dolorum omnis eveniet molestiae sequi.,2023-02-01 04:18:16
911,39,4,Natus illo illum natus aliquam facilis.,2015-01-13 18:50:55
898,40,2,Explicabo voluptatibus nulla modi dignissimos.,2019-03-17 12:00:40
395,41,4,Sequi exercitationem ipsa cupiditate.,2017-09-11 09:43:54
105,42,5,Deleniti facere illum eaque facere nostrum fuga.,2017-03-15 02:27:13
930,43,5,Optio non voluptatum praesentium animi reiciendis.,2019-10-27 22:14:30
689,44,2,Nisi omnis ea tempora.,2014-12-27 05:01:49
615,45,3,Voluptate quidem nobis nemo molestias repellendus.,2019-07-02 13:27:14
735,46,4,Quasi nam placeat sed aliquid enim incidunt rem.,2014-12-24 02:56:09
64,47,3,Repellat expedita ex occaecati quidem expedita.,2019-12-01 20:15:25
285,48,1,Modi occaecati vitae reprehenderit ab.,2015-04-29 00:42:53
914,49,3,Laboriosam consequuntur atque labore quod id nisi molestias.,2022-06-12 19:48:39
323,50,5,Esse consequuntur vitae temporibus.,2022-05-09 13:26:54
292,51,2,Ut sunt hic quibusdam.,2017-09-12 06:34:17
894,52,5,Ea ex eos voluptatum a dolorem.,2019-03-07 23:52:49
322,53,1,Expedita hic tempore iure incidunt tenetur cum impedit.,2015-07-21 01:24:56
33,54,5,Commodi iste doloribus veritatis eligendi sunt consequuntur.,2018-01-10 12:48:14
524,55,4,Excepturi vitae ab non corrupti quo culpa.,2020-04-17 21:39:14
817,56,5,Soluta occaecati repellat ex.,2014-11-03 00:41:09
839,57,2,Nesciunt voluptatum perspiciatis aspernatur fugit mollitia.,2021-05-30 21:26:04
251,58,4,Sapiente ab aut voluptatum maiores soluta.,2023-04-12 15:05:49
539,59,4,Officia explicabo vel tempora laudantium et.,2018-07-07 12:54:50
914,60,1,Nemo dignissimos doloremque molestiae ab amet adipisci minima.,2023-10-18 12:27:41
652,61,4,Quisquam maiores repellendus odit provident repellat provident.,2015-07-20 13:24:43
891,62,3,Fugit excepturi explicabo libero libero in quisquam.,2021-10-13 11:46:11
263,63,2,Molestiae dolor necessitatibus repudiandae iusto temporibus.,2020-03-08 20:41:36
283,64,4,Eum quos fuga sapiente fugit perferendis maiores.,2023-01-11 01:32:10
92,65,1,Impedit debitis quia ut nam quidem magni repellendus.,2022-07-29 18:46:46
300,66,5,Optio at ullam quo perferendis facere.,2014-08-03 01:06:37
29,67,2,Voluptatum quisquam necessitatibus.,2024-07-04 23:02:51
609,68,3,Aspernatur animi recusandae.,2015-10-07 16:16:58
715,69,5,Hic quisquam laborum.,2015-12-20 11:45:05
146,70,4,Quibusdam delectus cupiditate nisi magnam exercitationem.,2024-02-08 14:49:15
723,71,3,Consequatur corrupti beatae necessitatibus.,2014-06-22 08:20:41
696,72,1,Placeat sapiente vero.,2020-08-10 19:37:56
156,73,1,Illo minus et iure repellendus deserunt voluptatum sint.,2015-05-05 17:02:23
857,74,1,Quas natus facilis placeat.,2017-03-29 18:36:13
296,75,1,Dolorem consequatur omnis repudiandae.,2024-01-29 10:24:38
943,76,3,Illo quos temporibus pariatur recusandae cupiditate voluptatem.,2023-11-05 00:19:29
498,77,1,Aperiam dolores odit officiis tempore.,2021-06-24 03:47:14
454,78,2,Dolores delectus beatae quidem delectus.,2015-06-23 16:33:33
481,79,4,Exercitationem voluptatum quae non quidem quos asperiores.,2014-01-03 23:30:21
66,80,4,Iure quo dolore perferendis.,2015-06-22 17:51:42
608,81,4,Earum corrupti adipisci earum.,2021-07-12 06:01:55
955,82,4,Commodi possimus magnam.,2024-01-18 14:53:37
737,83,1,Atque alias blanditiis quae neque.,2017-05-23 00:58:29
72,84,1,Quisquam reiciendis velit fugit iusto.,2024-02-12 11:38:48
285,85,1,Incidunt porro nesciunt repellendus modi veniam commodi.,2020-08-19 05:36:53
622,86,4,Eveniet possimus laborum accusamus assumenda labore placeat.,2015-06-03 22:09:04
626,87,5,Beatae reiciendis fuga eius alias sit ab.,2017-02-05 09:54:10
197,88,2,Officia voluptatibus laudantium esse vero.,2016-05-09 06:38:06
413,89,2,Eum sed provident dignissimos quidem numquam adipisci tenetur.,2018-02-26 11:53:19
139,90,4,Tempora sint culpa assumenda sint labore praesentium.,2016-11-16 22:58:28
655,91,1,Qui beatae quos repellat.,2014-03-31 17:25:30
30,92,3,Consectetur nemo inventore.,2018-06-29 08:35:53
339,93,2,Accusamus recusandae enim recusandae.,2023-12-14 04:37:04
259,94,5,Similique laudantium enim quasi ducimus.,2020-09-13 05:35:03
656,95,3,Quo eius inventore veritatis consectetur dolor.,2016-10-16 17:08:00
977,96,2,Itaque pariatur alias aliquam voluptas maxime.,2020-09-14 02:56:49
531,97,2,Ab facere dolores reiciendis.,2019-07-07 14:07:51
745,98,4,Aliquid voluptatem excepturi et laboriosam saepe.,2024-11-09 10:40:36
548,99,3,Provident ad fugiat voluptates fuga possimus eos.,2018-04-10 23:19:36
231,100,3,Quisquam deserunt laudantium quas.,2019-01-30 14:49:45
294,101,1,Ratione culpa vel ipsa.,2019-01-10 21:57:44
512,102,2,Odio ea vel.,2022-06-24 18:09:54
240,103,4,Beatae vel nisi eius fugit natus sit ex.,2021-06-15 10:54:03
358,104,4,Voluptas eaque occaecati pariatur nobis dicta.,2021-02-20 04:17:41
708,105,5,Est aliquid atque eligendi.,2016-03-02 02:20:19
956,106,1,Unde consequuntur delectus quo ipsa minus.,2019-07-06 18:01:58
853,107,1,Repudiandae nulla vero eos delectus provident unde.,2022-03-23 15:45:53
516,108,5,Ipsum quo cumque magni.,2024-08-30 10:31:15
426,109,1,Sint voluptatibus nemo molestiae quibusdam aperiam eos.,2024-03-29 20:45:39
454,110,3,Veniam itaque nam sunt fuga esse.,2020-05-15 23:22:43
812,111,4,Ipsam molestiae perferendis possimus.,2018-06-11 11:19:45
312,112,3,Animi fugit sed porro nihil.,2016-10-27 16:46:40
528,113,5,Non tempora facere vitae ullam eveniet in.,2014-05-07 15:36:52
887,114,3,Inventore optio atque earum consequatur tenetur.,2022-03-30 02:12:26
561,115,2,Nulla consequatur labore aut ad sed.,2018-04-05 07:39:51
323,116,1,Non deserunt ducimus pariatur tempora sapiente recusandae sapiente.,2024-12-27 07:38:45
252,117,5,Suscipit animi inventore ad odit.,2023-05-29 12:00:11
645,118,4,Officia quod amet corporis omnis quod.,2014-12-27 13:14:46
54,119,2,Labore optio laudantium.,2016-04-16 16:37:00
992,120,5,Quaerat sapiente vel non provident aliquid eum.,2021-05-04 09:09:12
702,121,4,In quas praesentium saepe sed nesciunt.,2016-08-23 08:03:15
395,122,4,Debitis ad assumenda voluptas placeat.,2019-12-12 14:21:46
402,123,1,Quas consequuntur quos.,2015-07-03 22:34:44
231,124,5,A similique hic sunt debitis laboriosam.,2017-07-09 04:21:34
729,125,1,Totam dolorem consectetur quos rerum fuga quod iste.,2020-02-24 19:27:48
255,126,3,Inventore corporis eligendi nobis.,2016-11-11 00:30:14
63,127,5,Nam iste illum nulla beatae sunt quam.,2023-07-20 07:02:06
565,128,3,Corrupti id laudantium aspernatur beatae accusantium.,2022-08-25 09:27:28
560,129,5,Laboriosam quidem mollitia quae nulla amet quis.,2017-09-10 00:38:48
368,130,2,Sapiente iste quae reprehenderit quisquam.,2014-11-04 02:54:25
813,131,4,Inventore mollitia consequatur.,2018-12-30 17:48:22
182,132,2,Minima numquam ea consequatur.,2022-04-18 18:02:24
354,133,1,Officia adipisci autem.,2014-11-10 08:59:16
504,134,2,Consequatur sapiente earum laborum.,2020-11-10 01:45:18
285,135,4,Vel eaque iste hic a aperiam.,2020-08-21 00:47:24
241,136,3,Nisi corporis eaque tempora.,2017-08-27 00:24:33
468,137,3,Corporis quisquam ex dolores officia.,2021-03-11 11:15:44
628,138,5,Facere dolores explicabo sit exercitationem.,2014-08-12 21:16:51
159,139,4,Soluta error veritatis hic.,2020-06-28 05:57:57
554,140,5,Est commodi magnam pariatur ex cumque mollitia.,2017-01-09 01:43:37
881,141,1,Occaecati tenetur magni vero animi beatae delectus.,2020-03-04 00:04:07
561,142,2,Itaque esse laborum voluptas ullam.,2024-08-28 15:25:46
973,143,5,Eos asperiores consequuntur natus.,2024-04-05 00:40:02
737,144,4,Adipisci magni corrupti veniam.,2022-10-15 04:41:46
309,145,5,Ad expedita exercitationem architecto.,2022-12-30 05:11:31
189,146,4,Atque aspernatur quis magni.,2023-11-04 14:16:20
452,147,4,Numquam neque tempora.,2016-11-20 00:53:20
962,148,4,Possimus inventore sit non illo consequuntur dicta.,2020-10-19 16:50:09
175,149,4,Quibusdam provident saepe laborum doloribus voluptatem.,2020-05-08 12:16:33
552,150,2,Repellendus dolorem quas ad pariatur aliquam voluptatum.,2016-07-28 19:23:04
780,151,1,Eligendi odio illum earum provident at.,2014-08-20 21:21:11
417,152,1,Doloribus debitis perspiciatis laborum vel ipsam odio.,2020-05-24 07:04:52
214,153,4,Blanditiis repellendus corrupti provident sint optio necessitatibus autem.,2023-07-16 16:43:10
845,154,4,Aliquam libero maiores eos.,2014-10-23 11:18:05
303,155,2,Modi quia at ea.,2019-07-23 10:57:53
524,156,2,Pariatur cumque voluptatibus ad.,2024-07-15 18:58:59
905,157,4,Accusamus esse magnam eveniet praesentium neque nobis doloremque.,2024-05-20 21:46:01
54,158,2,Saepe corrupti voluptas itaque mollitia earum eveniet.,2024-10-11 18:46:28
923,159,2,Natus quae blanditiis ad dolorem.,2014-08-31 11:25:26
951,160,5,Ducimus quidem voluptate aspernatur suscipit ullam nulla rem.,2017-05-03 06:26:56
595,161,3,Quia occaecati voluptates possimus voluptas.,2022-10-05 10:38:35
526,162,5,Maxime iste temporibus at fuga odio.,2021-11-25 01:01:34
328,163,2,Ducimus dolorum repellendus ut.,2014-10-21 11:10:05
28,164,2,Ad deleniti error consectetur ullam sunt dolore.,2024-02-23 05:37:11
750,165,4,Illo incidunt inventore hic magnam impedit maiores.,2019-06-04 23:35:31
200,166,5,Facere maxime possimus.,2023-12-27 19:35:08
622,167,3,Culpa porro repellat ex.,2015-03-01 18:23:19
535,168,3,Autem odit dolorum excepturi consequatur assumenda accusantium.,2019-07-22 13:19:57
424,169,1,Deleniti dolor ipsum laborum.,2024-05-14 14:37:29
844,170,5,Laboriosam dignissimos et dolores.,2015-11-20 19:05:23
959,171,4,Assumenda suscipit nam incidunt libero asperiores.,2018-03-18 12:10:01
871,172,3,Sint magni natus quas nesciunt.,2021-03-05 09:47:05
366,173,5,Nostrum necessitatibus nisi enim error.,2015-04-15 03:48:18
913,174,1,Laboriosam et eum nemo.,2022-03-22 20:07:01
995,175,5,Debitis quod explicabo totam ipsum commodi.,2015-08-04 23:44:35
485,176,5,Aut ipsum voluptatem amet cumque vel accusamus.,2024-07-11 07:01:56
348,177,5,Non ipsam voluptas voluptatibus.,2016-09-23 11:05:15
325,178,1,Nobis recusandae dicta soluta quaerat labore.,2018-12-05 08:45:37
712,179,1,Aspernatur accusantium quis culpa.,2018-12-26 15:58:46
707,180,2,Culpa repudiandae nostrum temporibus molestias cumque.,2014-04-04 13:25:08
608,181,1,A dicta animi dignissimos vitae ipsam tenetur.,2023-11-21 23:25:16
940,182,4,Vel vero fuga ex fuga autem officia.,2020-08-23 15:36:29
52,183,5,Nihil ex voluptatem debitis sit laboriosam.,2020-12-04 08:46:38
802,184,1,Expedita deserunt doloribus velit explicabo.,2023-11-19 12:12:25
363,185,1,Nostrum odit quibusdam tempore.,2020-11-17 01:36:14
253,186,4,Quam rem labore dicta harum quam.,2020-05-05 23:30:18
97,187,1,Voluptatum nam nam.,2019-05-16 16:08:18
487,188,3,Assumenda rerum quisquam consequatur voluptates odio optio.,2015-06-10 02:32:52
578,189,3,Voluptatibus quae odio itaque quaerat.,2024-10-12 16:55:08
623,190,4,Aliquid vero nostrum aut.,2024-04-25 18:09:27
614,191,4,Possimus ipsa labore id ratione.,2016-04-08 08:14:16
395,192,5,Quod rerum quibusdam necessitatibus.,2014-10-27 07:32:55
581,193,2,Nesciunt voluptates magni exercitationem eligendi qui soluta.,2018-12-07 19:59:20
43,194,4,Minus non eligendi accusamus earum.,2015-05-02 18:48:59
136,195,5,Quisquam doloremque praesentium.,2015-07-09 16:11:09
642,196,2,Qui maxime maxime numquam facilis veritatis.,2024-08-28 21:47:01
335,197,5,Quas atque tempore quod veniam culpa.,2017-08-22 18:47:33
85,198,5,Totam debitis nostrum iure culpa.,2019-05-05 15:34:53
521,199,3,Beatae voluptates nesciunt pariatur ab eum.,2017-05-03 08:28:50
796,200,3,Rem consequatur officia.,2017-05-31 21:24:53
132,201,3,Beatae iusto dolor aliquam.,2016-10-19 21:41:13
697,202,4,Id ea non dolorum reprehenderit possimus.,2023-01-02 11:03:43
982,203,3,Ex laudantium nam iste occaecati nisi autem.,2020-01-18 11:57:25
955,204,1,Eum architecto distinctio eligendi blanditiis vitae.,2024-07-29 13:24:34
480,205,2,Est expedita animi temporibus repellat.,2021-01-21 16:43:26
841,206,4,Nesciunt ad ducimus quaerat nobis.,2023-04-06 15:33:56
630,207,5,Provident cumque possimus iure exercitationem iusto delectus.,2023-06-03 00:02:38
11,208,3,Iste illo praesentium error.,2017-09-30 06:52:52
956,209,5,Ipsum maiores quis est facere praesentium.,2018-12-28 10:32:30
496,210,3,Distinctio soluta molestiae autem.,2022-07-28 21:18:34
152,211,4,Modi repellat corporis eum dolorem ipsum.,2018-06-05 03:02:17
325,212,3,Pariatur debitis cupiditate cumque illum non labore.,2014-02-06 15:56:17
506,213,5,Repellendus beatae voluptatum quisquam quaerat numquam et.,2022-04-21 08:48:05
656,214,2,Maxime nisi similique deserunt.,2017-10-18 18:38:55
52,215,3,Voluptatum quia quibusdam voluptate dignissimos doloremque iusto.,2016-05-31 00:27:35
413,216,4,Cumque optio quisquam aliquam blanditiis.,2023-02-25 18:06:20
357,217,5,Eum debitis aperiam quaerat fugiat.,2014-10-14 17:11:45
762,218,2,Inventore similique iste sed quaerat voluptatibus.,2023-06-16 13:41:12
51,219,2,Quibusdam voluptates qui fuga.,2022-09-01 09:20:49
705,220,4,Minima expedita aut quidem pariatur corrupti voluptatem ipsam.,2021-12-08 02:00:59
784,221,4,Iusto voluptate numquam quam earum corporis.,2022-07-31 13:17:05
490,222,1,Corporis assumenda dicta reprehenderit.,2019-10-10 00:44:47
613,223,3,Officiis numquam asperiores ratione molestiae.,2017-05-09 05:45:51
974,224,5,Sapiente molestiae vitae et.,2019-08-06 07:10:40
881,225,1,Id incidunt modi possimus assumenda beatae esse.,2019-12-06 10:25:48
323,226,1,Adipisci doloremque corporis autem.,2018-08-05 15:52:44
682,227,4,Quod quasi sed eveniet.,2023-03-15 18:52:30
395,228,5,Adipisci hic ipsam assumenda ex.,2023-10-14 05:44:29
306,229,2,Magnam autem quibusdam ducimus fugit quaerat doloremque.,2021-11-22 02:06:53
493,230,5,Quasi ipsum dicta natus tenetur.,2021-07-25 04:12:30
250,231,5,Dicta esse quo non esse reiciendis.,2017-08-20 03:57:45
655,232,4,Sequi odio nihil architecto molestias ab.,2021-08-22 15:58:37
777,233,3,Itaque suscipit minus iste minima laboriosam.,2015-04-09 04:23:54
171,234,5,Repellendus occaecati animi a doloribus id id expedita.,2022-06-10 22:12:50
370,235,4,Incidunt temporibus consequatur illum.,2014-05-04 10:36:13
329,236,3,Eaque sunt iste omnis iure suscipit iusto.,2024-07-14 13:18:10
740,237,4,Dolorum occaecati aperiam aliquid reprehenderit quibusdam.,2022-07-25 18:39:32
904,238,1,Enim maxime minima deserunt.,2019-08-04 23:39:38
152,239,4,Harum ad non incidunt reprehenderit vitae at.,2024-12-30 03:46:11
772,240,1,Ipsum praesentium temporibus culpa.,2015-09-15 00:51:36
480,241,2,Ipsum quibusdam error omnis tempore voluptas.,2021-10-11 01:59:36
604,242,3,Maxime doloribus aut consectetur harum cupiditate sed.,2016-05-15 07:06:52
87,243,5,Fugit molestiae ipsa nobis rem similique.,2020-04-13 00:00:37
929,244,3,Dicta illum laborum consectetur quaerat recusandae aliquam.,2021-09-02 23:07:23
953,245,4,Animi est error vero voluptas eligendi.,2023-07-26 05:01:52
52,246,3,Doloremque ipsa excepturi corrupti beatae molestias.,2024-11-04 08:33:47
614,247,2,Quas hic quia sunt fuga.,2016-04-14 07:24:21
124,248,2,Vero sed nostrum.,2021-07-24 19:30:49
952,249,3,Eaque maiores et quisquam eius.,2022-06-29 01:23:01
248,250,3,Ullam deleniti quas.,2015-12-20 20:10:42
951,251,5,Necessitatibus laudantium voluptates officia maiores occaecati delectus ratione.,2018-09-24 10:03:34
820,252,2,Vero laudantium aperiam minus animi.,2023-10-16 13:32:20
104,253,5,Accusamus odio voluptatum illo modi eos consequuntur.,2016-06-05 15:06:09
970,254,5,Et suscipit maiores enim culpa aut ipsam saepe.,2018-10-04 05:31:00
370,255,3,Aperiam ipsum voluptates quidem repellendus.,2020-03-17 15:28:17
119,256,5,Eum tempore laboriosam voluptates saepe.,2020-09-30 08:41:39
333,257,2,Qui nostrum officia ipsam culpa autem magnam repellendus.,2020-01-11 15:02:40
656,258,1,Ex ad distinctio quod reiciendis sapiente.,2024-02-29 18:23:48
372,259,5,Saepe eaque tempore ipsum eius distinctio eligendi.,2014-03-23 19:31:20
104,260,4,Exercitationem nesciunt incidunt.,2015-09-16 05:10:33
424,261,3,Reprehenderit autem repudiandae.,2016-08-13 16:22:50
724,262,1,Porro ipsam dignissimos commodi dicta voluptas maiores adipisci.,2020-12-01 16:01:31
54,263,4,Autem earum enim reprehenderit fuga ut.,2021-09-20 08:59:39
785,264,1,Cum vero quia quod molestias quasi.,2015-10-26 14:42:16
837,265,5,Dolores enim earum tempore beatae veniam.,2018-04-07 00:10:40
109,266,2,Laboriosam sit eaque officiis cum nesciunt quae.,2020-01-14 14:12:20
87,267,3,Maiores repellendus nesciunt nisi.,2024-11-16 15:54:24
769,268,5,Esse aut nam quo officia assumenda dolorum blanditiis.,2019-12-11 21:57:21
651,269,3,Neque cum numquam aliquam natus.,2019-02-01 10:14:30
704,270,2,Adipisci porro vitae exercitationem aliquam reiciendis maxime.,2014-08-28 01:39:29
861,271,1,Aliquam fugiat natus.,2019-08-15 09:55:17
954,272,2,Deserunt maxime delectus pariatur quo voluptatum.,2016-04-02 17:10:34
139,273,1,Labore minima ut minima adipisci.,2021-12-20 20:23:12
324,274,2,Totam aut voluptates illum nostrum reiciendis voluptatum.,2024-08-28 07:27:33
670,275,1,Illo sequi nulla dolore.,2018-01-31 11:08:56
865,276,5,A iure ullam deserunt consectetur.,2022-06-23 02:39:57
826,277,1,Voluptas facilis optio totam ipsam atque repudiandae.,2019-10-31 06:11:54
112,278,1,Unde autem voluptate aut quis.,2023-01-22 08:24:42
300,279,3,Nostrum libero inventore amet asperiores.,2015-09-05 16:37:26
757,280,3,Neque vero dicta.,2023-04-05 06:55:47
992,281,4,Iste assumenda doloremque.,2015-07-20 14:20:38
853,282,3,Reprehenderit quo voluptatem asperiores error quo ipsum.,2022-04-18 23:27:10
738,283,4,Perspiciatis odit beatae ad.,2024-12-15 06:11:33
294,284,4,Vitae maiores ratione consectetur.,2021-01-11 16:28:06
184,285,5,Velit veritatis expedita pariatur.,2019-03-16 00:59:59
243,286,2,Ullam tenetur praesentium id explicabo expedita aliquam.,2022-08-09 00:12:08
232,287,1,Aperiam optio sit voluptate dicta iure assumenda.,2014-02-08 16:11:15
592,288,2,Deleniti maiores magnam maiores eveniet quo.,2021-11-20 19:58:53
829,289,4,Voluptas mollitia corrupti eveniet ipsam maiores.,2020-11-27 21:44:11
687,290,2,At laborum molestiae magni asperiores consectetur.,2018-12-02 03:23:21
463,291,1,Eaque aut quidem adipisci delectus accusamus veniam.,2014-12-13 21:31:12
655,292,5,Quos asperiores dolor minima ipsam delectus.,2017-03-04 01:10:27
44,293,4,Sit debitis quis cum unde.,2020-12-20 03:37:51
860,294,2,Quas alias eius quidem.,2019-03-14 12:35:52
731,295,4,Ipsum dolorum tenetur.,2014-10-19 13:13:50
49,296,1,Laborum facilis sit quia neque expedita sunt.,2017-01-21 05:50:51
687,297,4,Placeat ratione perspiciatis qui natus.,2024-04-09 07:10:28
878,298,4,Deserunt animi hic.,2019-04-04 15:22:13
572,299,4,Nisi laudantium cum.,2019-07-17 22:51:50
387,300,3,Ducimus a cumque tempore.,2024-08-29 14:27:25
859,301,2,Perspiciatis eligendi ex perspiciatis maxime temporibus.,2024-12-29 11:38:24
224,302,1,Provident iusto quis tenetur.,2017-08-16 10:32:09
930,303,3,Nostrum tempora quia tenetur.,2022-10-19 07:25:51
735,304,1,Iusto similique ipsa consequatur.,2017-07-17 13:23:18
509,305,3,Quis dolore corrupti hic numquam hic.,2018-02-21 01:01:50
106,306,4,Quae perferendis soluta amet illo harum hic.,2021-05-12 15:37:06
285,307,1,Odit voluptas in autem ut voluptas.,2016-11-10 10:08:35
409,308,4,Rerum tempore fugit facilis ab nam.,2017-02-18 07:37:26
511,309,3,Magni vitae in neque.,2018-01-03 12:50:45
609,310,5,Exercitationem quam earum eligendi velit dicta dicta.,2022-07-30 22:24:25
918,311,3,Praesentium provident praesentium corporis.,2018-09-17 13:14:40
602,312,3,Corrupti id repellendus accusantium ratione minus reprehenderit tenetur.,2023-08-18 12:16:24
157,313,1,Placeat quibusdam nisi aperiam nesciunt inventore ut.,2014-10-11 17:07:31
152,314,4,Maiores ipsum voluptatum atque dolore illum.,2014-07-03 04:43:16
82,315,5,Modi quasi eum minus.,2017-08-10 18:27:17
477,316,4,Inventore perferendis quibusdam explicabo debitis.,2019-10-14 04:18:51
792,317,1,Neque saepe deserunt veniam.,2019-09-17 10:56:32
979,318,5,Iusto commodi quos laborum quaerat ipsam.,2016-01-20 06:37:20
45,319,1,Dolor nesciunt eum libero deserunt soluta.,2020-05-19 09:56:28
339,320,1,Totam animi accusamus.,2019-10-28 18:37:42
162,321,1,Voluptas consectetur natus omnis rem perferendis non.,2024-12-31 17:03:01
759,322,1,Temporibus veritatis sit.,2024-11-10 12:03:09
3,323,2,Non rerum esse illo corrupti qui.,2022-09-01 05:10:09
953,324,2,Repellendus omnis aliquam.,2024-03-24 02:46:15
523,325,2,Iusto dignissimos architecto odio temporibus nesciunt tempora.,2016-01-16 08:11:06
5,326,2,Incidunt rerum facilis consequuntur.,2019-12-29 12:23:06
965,327,4,Exercitationem laudantium libero non tempore perferendis animi.,2018-10-05 15:11:47
253,328,1,Sit totam maiores.,2017-12-29 16:14:34
827,329,1,Molestias sapiente doloribus veniam tenetur cum quos itaque.,2020-06-10 11:43:50
447,330,4,Facere suscipit id vel culpa pariatur similique.,2024-12-30 06:51:29
932,331,4,Accusantium placeat eveniet cupiditate odit adipisci tenetur.,2016-04-05 11:31:55
902,332,1,Veniam pariatur magnam placeat dignissimos.,2016-12-08 03:40:09
638,333,2,Amet laudantium harum vitae.,2014-09-12 22:16:28
9,334,5,Eius at repellat harum molestias fugiat.,2017-06-22 17:42:12
485,335,1,Reiciendis magni accusantium praesentium.,2018-05-03 11:52:52
93,336,2,Optio molestias ipsam dolore alias nemo delectus.,2022-09-07 15:10:06
12,337,5,Ipsam iste maxime eius similique.,2020-12-07 03:59:53
302,338,2,Maxime aut nulla.,2023-06-09 01:16:21
53,339,2,Tenetur exercitationem animi voluptate molestias tempora molestiae possimus.,2022-10-14 00:20:28
254,340,2,Occaecati consequatur quasi nesciunt sapiente.,2015-02-11 19:30:07
999,341,3,Quos recusandae perspiciatis debitis numquam.,2020-04-06 02:48:58
578,342,4,Ipsa reiciendis totam quo accusantium natus aut.,2017-02-07 22:48:53
2,343,3,Iusto deleniti soluta aperiam accusamus perspiciatis aliquam.,2024-02-01 16:23:23
590,344,5,Quo suscipit fugit at iste nulla.,2016-03-30 00:35:04
148,345,1,Laboriosam doloribus magni consequatur omnis non molestiae fuga.,2022-12-12 14:51:24
280,346,5,Quam cumque aperiam iure fuga et.,2017-03-12 10:40:29
865,347,5,Quae labore ut dolore.,2017-07-19 17:04:30
774,348,2,Enim tempore occaecati iure soluta.,2014-05-02 20:21:52
773,349,4,Sint molestiae voluptatibus.,2024-12-06 09:21:20
293,350,2,Consequuntur iure possimus tempora voluptatum nam impedit.,2022-06-08 10:47:53
340,351,3,Eveniet dolorem repellendus voluptates suscipit consequatur.,2016-02-18 19:26:50
507,352,1,Quaerat provident incidunt odio officia.,2022-09-18 11:41:36
792,353,4,Molestiae minima iste amet voluptates aspernatur.,2024-10-05 21:13:08
545,354,5,At magni quisquam tempore.,2021-04-25 15:00:31
892,355,2,Necessitatibus excepturi voluptatibus odio aspernatur animi rem ut.,2014-03-28 01:08:15
413,356,1,Quos harum unde deserunt dolor.,2019-09-19 09:51:00
255,357,4,Voluptatum aut ducimus mollitia officia est numquam.,2022-07-10 06:33:34
409,358,3,Natus quam nemo autem non.,2022-04-19 09:44:42
485,359,2,Tempore iusto rem odit quo quasi.,2020-10-20 12:23:56
843,360,2,Laborum aperiam perferendis officiis commodi.,2017-08-26 02:14:36
795,361,2,Pariatur provident facilis eligendi sed doloremque eius.,2015-03-27 10:05:56
63,362,5,Dignissimos similique facilis laborum.,2016-01-10 01:24:04
697,363,2,Voluptas voluptates doloremque quia provident blanditiis incidunt.,2016-11-12 13:31:40
247,364,5,Aperiam delectus optio dolore quaerat sed.,2024-11-28 00:39:14
1,365,5,Sint consectetur saepe ipsam ut.,2020-07-06 11:35:55
855,366,1,Sint veritatis molestiae cupiditate nisi hic.,2023-01-14 05:49:32
114,367,2,Maiores maiores dolorum eius quod.,2020-09-13 23:52:25
503,368,3,Odit rem reprehenderit debitis dolores corporis.,2018-04-30 04:32:40
347,369,4,Ullam illum nam quia natus autem.,2016-05-10 11:46:41
860,370,5,Veritatis ex reiciendis nesciunt aut quia.,2021-02-22 03:52:15
13,371,3,Consequuntur fugiat quam numquam dolor.,2016-06-17 12:07:27
782,372,2,Odit adipisci repellat.,2018-12-20 00:46:27
546,373,4,Illum animi rem tenetur magnam veniam aut.,2023-02-21 20:49:59
511,374,4,Laboriosam ad nisi nesciunt est vero quibusdam.,2014-06-07 18:53:16
748,375,2,Atque numquam voluptatum consequuntur ab error pariatur.,2024-11-13 10:41:21
833,376,2,Soluta dolore nostrum debitis hic quo.,2018-04-21 13:34:54
721,377,4,Reiciendis omnis pariatur illo.,2017-08-22 06:04:04
26,378,3,Nesciunt exercitationem ut cum veritatis omnis.,2014-06-25 12:47:56
785,379,3,Mollitia commodi ipsa error.,2019-02-19 12:03:42
778,380,5,Omnis neque magni quia impedit aut.,2021-06-13 08:00:17
58,381,2,Cupiditate est fugit velit dolorem enim vero.,2021-08-29 02:05:37
583,382,2,Soluta id neque quo tempore libero.,2024-05-27 15:11:59
496,383,1,Et dicta magni.,2014-04-23 07:53:39
932,384,1,Nemo voluptatum neque dolorum culpa vitae soluta.,2023-09-07 13:41:15
733,385,1,Quis sint fugit nesciunt expedita.,2014-02-07 10:35:44
869,386,2,Perspiciatis laborum aspernatur consectetur amet voluptatem veniam.,2014-04-26 13:53:12
843,387,2,Commodi nihil inventore dicta illo iusto.,2021-07-29 15:33:43
562,388,5,Recusandae in earum.,2023-05-16 16:14:29
403,389,2,Molestias delectus illo enim.,2019-05-22 09:38:05
887,390,5,Ea eveniet sequi explicabo dignissimos optio.,2023-05-16 10:16:39
92,391,4,Voluptatum quis temporibus hic dolorem totam.,2019-05-13 02:24:04
712,392,5,Quas dolor assumenda eveniet esse debitis occaecati et.,2017-08-26 14:25:08
287,393,1,Deleniti deserunt aliquid.,2017-04-07 16:56:46
740,394,4,Voluptatum quod exercitationem molestiae distinctio.,2015-04-24 19:00:26
230,395,2,Exercitationem fugiat dignissimos veniam tenetur nihil corrupti.,2018-08-02 07:47:53
528,396,2,Magni quidem dignissimos fuga iusto.,2023-11-08 08:32:34
39,397,4,Ea dolorum maxime distinctio necessitatibus.,2018-10-08 12:05:35
442,398,5,Doloribus eius debitis adipisci quod.,2016-06-28 21:07:09
885,399,2,Temporibus eius cupiditate illo magnam.,2014-10-06 01:01:22
459,400,1,Enim inventore accusamus.,2021-02-22 07:53:30
694,401,4,Consequuntur culpa excepturi sapiente necessitatibus.,2017-07-17 06:54:09
425,402,5,Sint sequi ipsum voluptatem veniam.,2019-11-12 02:05:00
37,403,3,Facilis rerum eius recusandae alias tenetur.,2014-07-08 12:34:05
530,404,3,Autem voluptatem tempora eum.,2017-05-03 18:40:47
696,405,4,Dicta a provident quae ab odio.,2018-12-11 02:25:18
116,406,5,Laboriosam ex fugit consequuntur culpa quia.,2017-02-26 18:30:53
713,407,2,Distinctio cupiditate ex libero.,2016-09-28 14:19:40
261,408,5,Hic aliquid amet totam at.,2014-09-07 04:29:51
577,409,3,Architecto consectetur consectetur libero aliquid dolor similique.,2016-01-22 19:30:51
166,410,4,Reiciendis velit aliquam accusantium.,2019-01-04 23:00:30
592,411,5,Distinctio fugit animi aperiam accusantium beatae consequuntur quasi.,2020-06-02 01:09:11
999,412,4,Qui ullam nemo.,2024-12-27 05:01:10
936,413,5,Molestias dolorem est odio eligendi nesciunt.,2020-10-08 01:31:05
129,414,4,Tempora fugiat quidem.,2019-11-21 02:32:17
909,415,5,Rerum est fuga ab aperiam saepe distinctio iusto.,2023-10-04 17:37:34
55,416,2,Accusamus molestias ipsa alias.,2024-07-14 23:53:22
478,417,2,Incidunt excepturi architecto placeat id maiores enim vero.,2014-01-10 00:53:36
172,418,3,Deleniti commodi veritatis fuga commodi.,2015-12-28 21:15:35
314,419,5,Architecto provident perspiciatis.,2022-01-27 14:30:44
65,420,1,Reiciendis non eos non a et soluta.,2020-05-31 14:21:08
869,421,2,Animi magni laborum voluptas odio vitae ea praesentium.,2014-09-14 03:48:19
114,422,1,Quia molestias similique totam.,2015-05-19 11:58:59
233,423,5,Quisquam occaecati molestias fugit voluptates totam.,2014-02-01 14:56:53
501,424,5,Rem similique est molestias qui amet.,2018-04-03 22:19:18
913,425,5,Velit repellendus velit distinctio aspernatur quas nihil.,2019-02-22 22:54:31
624,426,1,Et doloremque itaque fugit eum laudantium.,2021-10-20 03:57:14
786,427,2,Voluptatibus delectus quam nesciunt debitis.,2015-06-24 01:33:09
249,428,5,Mollitia nemo ullam labore praesentium maiores.,2018-04-14 18:52:08
468,429,5,Dolor eveniet consequatur.,2020-02-21 01:45:17
498,430,5,Tempore asperiores unde cupiditate.,2018-05-21 08:42:17
350,431,4,Accusantium doloribus amet nesciunt neque assumenda minima.,2018-12-14 09:52:32
967,432,4,Aliquam occaecati tempora corrupti sequi sint perferendis.,2024-01-08 22:30:53
702,433,5,Numquam mollitia quasi et culpa cum sit vero.,2020-11-02 19:05:39
151,434,5,Quos culpa maxime laborum.,2018-10-30 05:45:54
726,435,3,Fuga iusto modi deserunt at dolorum hic recusandae.,2023-07-19 09:09:04
886,436,3,Est dignissimos aperiam sapiente.,2017-09-23 03:15:47
52,437,2,Dolor harum iste ab ratione sapiente.,2014-03-12 10:00:57
275,438,1,Magnam possimus doloribus magni laborum sequi.,2014-04-13 13:18:02
797,439,1,Temporibus neque atque doloremque consectetur natus.,2017-01-05 03:13:11
602,440,2,Neque libero facere doloribus quasi suscipit.,2024-07-22 09:18:29
562,441,2,Repudiandae id dolor voluptatem nemo ad inventore.,2019-08-18 22:19:31
552,442,1,Voluptatibus voluptates nesciunt mollitia.,2016-01-27 16:41:58
370,443,4,Hic expedita placeat eos vitae odio.,2021-04-26 23:18:46
52,444,3,Voluptate iure saepe odio voluptatibus porro laudantium fuga.,2024-07-03 02:41:39
33,445,5,Quas tenetur cum veniam quas blanditiis vel nisi.,2019-11-10 01:36:17
265,446,5,Tempore beatae architecto ex itaque sed.,2019-05-04 16:26:09
124,447,3,Praesentium possimus quae id nihil.,2017-04-19 19:28:15
424,448,4,Quidem harum totam blanditiis culpa ipsa nihil architecto.,2017-11-16 01:06:40
79,449,2,Sunt placeat sequi quibusdam eveniet corrupti fugit vero.,2024-07-21 17:09:13
852,450,2,Labore et error eius eaque.,2016-05-03 02:09:14
481,451,5,Similique laborum maxime eveniet eligendi accusamus.,2022-10-13 00:21:48
828,452,3,Libero laborum occaecati natus voluptate veniam rem voluptatibus.,2021-12-06 19:48:58
869,453,3,Eaque nihil delectus voluptate.,2022-08-19 22:07:23
541,454,1,Dolores fugiat saepe ea magnam sapiente natus.,2014-11-17 09:28:42
119,455,4,Optio ipsam dolor nesciunt.,2022-01-14 23:51:32
127,456,4,Reiciendis dignissimos illum placeat illo.,2018-06-26 13:10:00
247,457,3,Dolore ab similique mollitia quasi.,2019-05-28 20:12:52
307,458,2,Saepe adipisci nulla.,2022-10-29 04:47:21
302,459,3,Laborum qui sunt eligendi ad voluptates nisi.,2016-10-22 02:44:27
532,460,4,Beatae aliquid similique qui placeat.,2018-07-25 21:03:44
153,461,1,Sequi illum non fuga voluptatibus porro.,2020-03-26 14:15:42
705,462,4,Soluta esse repellat expedita.,2024-06-10 06:08:36
121,463,3,Rerum illum fugiat recusandae quod repudiandae.,2019-06-22 17:03:31
650,464,2,Deserunt dolore unde nam nam.,2016-04-12 10:08:54
290,465,4,Possimus adipisci animi quidem.,2014-08-19 07:32:33
444,466,4,Repudiandae neque tempore odio quaerat.,2017-03-22 01:00:28
228,467,1,Explicabo rerum doloribus ipsum.,2017-02-20 01:19:06
383,468,5,Excepturi corporis et consequatur tempore error praesentium dolorum.,2022-10-04 23:27:36
955,469,4,Magni repellendus aspernatur fugiat quam.,2023-08-03 21:44:17
628,470,2,Pariatur nisi iure placeat.,2015-04-08 02:10:16
726,471,1,Tenetur vel illum ducimus.,2016-01-27 17:38:13
518,472,3,Unde sapiente enim sapiente illo dolore velit hic.,2021-02-13 14:37:04
620,473,5,Rerum amet tempore quaerat.,2019-11-18 21:51:16
492,474,3,Doloremque explicabo occaecati dignissimos iure molestias.,2020-09-20 22:03:08
863,475,3,Magni iusto laboriosam.,2014-09-14 04:43:22
440,476,4,Incidunt numquam distinctio voluptatem voluptatem ab.,2021-07-20 15:51:12
505,477,5,Culpa quos sapiente.,2015-05-02 13:41:39
684,478,5,Iste consequatur corrupti culpa optio ipsum officiis.,2023-02-02 14:43:43
282,479,1,Voluptatum natus quod velit accusantium perferendis error consectetur.,2023-03-27 10:10:42
226,480,5,Enim dolorem perspiciatis nemo laborum.,2015-03-20 14:09:24
117,481,4,Occaecati blanditiis vel dicta.,2015-09-22 16:35:12
537,482,5,Laudantium architecto dolorem harum libero impedit debitis minus.,2021-05-10 13:16:01
933,483,2,A iste corporis deserunt animi vel magnam.,2018-06-18 14:04:49
669,484,5,Quas exercitationem praesentium.,2018-10-04 14:04:02
158,485,4,Accusamus excepturi recusandae explicabo aliquid possimus doloribus.,2024-11-29 20:12:38
152,486,3,Quaerat enim consequatur nulla saepe molestiae iusto.,2014-01-25 08:23:16
813,487,4,Rerum in natus adipisci voluptatem a.,2023-09-06 08:17:30
184,488,3,Consequuntur consequuntur perspiciatis sapiente.,2017-07-13 11:23:28
765,489,2,Earum hic minima voluptate debitis officia at.,2021-10-16 07:19:32
430,490,4,Magni natus eius sit nemo.,2015-11-24 08:32:57
755,491,5,Eaque vitae distinctio harum nemo sunt.,2015-09-15 20:45:54
768,492,4,Nulla odio quibusdam vitae iste dolorum.,2018-12-21 18:36:31
286,493,4,Ab vel quae consequatur quia quos reiciendis.,2020-06-20 14:42:38
544,494,4,Quam praesentium atque dicta possimus corrupti impedit.,2022-04-21 17:10:18
466,495,1,Debitis recusandae distinctio.,2023-07-09 23:35:20
677,496,1,In atque sequi iure officia excepturi necessitatibus sit.,2015-03-07 15:24:12
181,497,4,Iure quisquam quidem nihil exercitationem impedit ipsa.,2017-08-16 06:44:07
296,498,4,Consectetur cumque quasi veniam at.,2017-01-07 02:18:53
932,499,3,Quo totam ex est quibusdam sunt.,2016-03-25 12:20:00
382,500,2,Iure in earum saepe delectus possimus.,2022-02-20 11:24:14
639,501,5,Cum consequatur itaque.,2018-01-04 11:56:39
194,502,4,Reprehenderit modi ex debitis blanditiis sequi.,2015-06-06 12:02:21
384,503,1,Amet ducimus doloremque ex nobis ut.,2017-02-27 21:25:43
862,504,2,Repellat laboriosam quam officia.,2019-02-09 14:26:37
83,505,4,Sit expedita quas aut necessitatibus eaque illum.,2014-01-29 11:58:59
947,506,3,Rem odit sunt nisi ut provident.,2017-08-16 08:29:30
416,507,3,Aut et voluptatem blanditiis.,2018-04-30 18:04:30
128,508,5,Dignissimos delectus officia quod eius hic cum.,2024-03-06 01:07:52
838,509,1,Autem ex magnam quae.,2020-07-22 01:59:51
495,510,4,Similique distinctio earum odio.,2023-03-08 06:12:43
819,511,5,Natus natus aliquam ullam.,2024-11-13 17:30:59
241,512,4,Ducimus voluptates accusantium magni.,2023-05-06 02:53:53
560,513,4,Distinctio eligendi tempore nam eaque beatae.,2014-04-03 09:25:47
319,514,3,Molestiae iure consectetur eligendi.,2024-11-17 01:31:02
667,515,1,Quia nam ipsa.,2020-06-13 15:33:49
896,516,2,Placeat reiciendis praesentium quasi ratione soluta quae.,2024-10-07 16:19:34
296,517,2,Atque fugit quasi molestiae aliquam.,2024-01-29 00:33:34
872,518,2,Aut incidunt provident tempore.,2023-11-16 08:31:51
793,519,3,Aliquid dicta rerum ratione voluptatibus.,2018-06-27 08:15:57
372,520,5,Ut eligendi modi magni commodi tempore.,2021-02-24 12:43:19
792,521,2,Officiis ipsa commodi dolore illo.,2018-01-14 14:46:24
762,522,5,Cupiditate eos delectus aperiam voluptatibus.,2020-01-13 02:55:33
282,523,1,Assumenda eum nihil.,2014-07-31 15:38:16
581,524,4,Molestiae necessitatibus quidem quos in occaecati corporis.,2015-08-30 08:55:44
707,525,1,Sequi illo minus suscipit explicabo.,2019-06-08 22:49:24
541,526,5,Sunt iste aspernatur dolore voluptates.,2020-07-03 02:14:16
305,527,5,Voluptates quos neque nam fugit molestiae.,2018-05-07 17:01:31
544,528,3,Molestiae hic nisi dolores voluptatum.,2023-09-19 14:17:06
635,529,3,Dolores molestiae doloribus vero dolores.,2019-06-19 04:45:43
450,530,2,Deserunt iste velit impedit alias ut.,2019-10-07 01:14:14
149,531,4,Amet voluptate animi fugiat modi adipisci a repellat.,2015-07-24 02:03:45
572,532,3,Consequuntur veniam repellat omnis blanditiis.,2022-01-05 00:15:48
181,533,5,Iure quae aut beatae id.,2015-11-14 09:12:01
551,534,3,Id repellat nisi blanditiis quisquam.,2022-11-03 02:11:49
599,535,2,Delectus dolore nisi assumenda cum maxime fuga.,2015-02-01 22:13:56
546,536,1,Provident vitae inventore rerum non.,2022-03-15 12:53:07
516,537,4,Facilis iste accusamus quod.,2022-07-12 20:43:29
608,538,3,Tempore molestiae distinctio voluptas perferendis provident sit dolor.,2024-07-07 14:39:06
852,539,4,Id in quia aperiam consequuntur vitae.,2020-08-28 20:16:30
562,540,3,Quod mollitia voluptatibus ab quas commodi.,2017-12-21 22:34:07
519,541,4,Dignissimos vero voluptatum incidunt vero officia.,2020-09-16 21:08:40
27,542,1,Labore quam eveniet blanditiis commodi laudantium.,2015-03-19 10:30:08
779,543,5,Omnis corrupti eveniet quod recusandae quas amet.,2019-10-19 22:00:31
609,544,4,Odit nihil dicta nobis distinctio quisquam.,2021-10-17 18:06:32
266,545,2,Autem hic quas.,2021-07-01 18:05:31
928,546,5,Rem culpa qui.,2020-11-12 01:53:58
161,547,3,Quibusdam perferendis accusamus et.,2014-04-13 16:56:37
80,548,3,Assumenda voluptatem veniam error dignissimos.,2020-01-30 23:52:41
786,549,1,Optio tenetur rerum atque consequatur ab ex architecto.,2020-09-18 17:50:34
779,550,4,Ipsam maxime nulla corrupti quos adipisci deserunt.,2020-10-17 15:39:37
123,551,1,Voluptatum eveniet veniam nam.,2020-12-21 10:38:00
116,552,4,Odit iusto quas aut quisquam.,2023-03-13 09:54:43
442,553,5,Quasi voluptatibus magnam.,2018-04-16 00:44:28
490,554,4,Qui quibusdam saepe in placeat accusamus perspiciatis temporibus.,2023-04-29 02:08:05
724,555,4,Soluta error nemo.,2019-12-31 01:30:00
742,556,1,Non minus animi odio deserunt.,2017-12-15 00:01:32
869,557,1,Quisquam fugiat quam sapiente.,2014-11-06 22:43:39
595,558,3,Quos quasi rem animi.,2014-08-11 06:48:22
788,559,3,Esse facilis similique praesentium exercitationem minima fugit.,2020-08-12 00:18:25
784,560,2,Unde et quo.,2015-10-19 00:40:53
466,561,5,Vel veniam doloribus.,2017-08-23 22:45:05
895,562,1,Accusamus sint culpa est.,2016-05-30 08:34:46
108,563,1,Quasi mollitia perferendis dignissimos error voluptas voluptatem.,2015-04-16 13:00:28
203,564,5,Dolor recusandae sit consectetur enim blanditiis.,2016-05-30 01:45:01
177,565,5,Reprehenderit et vero perspiciatis neque.,2019-06-11 16:11:35
859,566,4,Occaecati animi laborum repellendus.,2018-08-27 20:22:24
94,567,4,Reprehenderit quisquam maxime magnam culpa excepturi eveniet ipsa.,2014-12-30 01:22:58
4,568,1,Placeat saepe atque cum repudiandae.,2020-12-27 05:09:36
90,569,5,Dolorum laudantium iure eveniet ut quibusdam praesentium modi.,2014-11-27 03:08:49
616,570,5,Quasi laborum repellat molestias minima maiores.,2019-08-09 17:23:31
833,571,1,Quos molestias sapiente ipsa ipsa minus.,2017-09-25 04:06:47
155,572,3,Itaque eveniet aliquam nulla ad.,2021-12-21 21:58:16
74,573,4,Provident corrupti eum esse harum fugit.,2016-10-28 20:55:39
374,574,4,Ipsam exercitationem sequi earum consequuntur quis voluptas nisi.,2016-11-08 06:35:57
180,575,1,Cupiditate delectus non magni.,2022-03-20 19:36:42
990,576,2,Inventore blanditiis id esse accusantium sapiente minima.,2020-04-11 19:12:11
565,577,2,Voluptatum iusto velit similique voluptates.,2020-02-08 10:58:34
294,578,3,Tempore tempora eaque rerum rerum.,2022-01-06 22:27:33
487,579,5,Incidunt esse quam quasi excepturi.,2020-01-20 09:58:07
534,580,2,Distinctio laudantium cum eos omnis.,2020-12-15 00:20:47
198,581,2,Labore voluptates rem eveniet.,2021-01-27 15:12:06
307,582,5,Dolores labore libero ab debitis veniam.,2023-06-11 08:37:33
156,583,3,Adipisci natus culpa eos.,2018-01-01 02:50:15
797,584,1,Provident molestiae esse.,2016-04-18 03:26:00
213,585,1,Nulla corrupti voluptate cupiditate hic aliquam laboriosam.,2020-06-13 21:36:50
197,586,5,Eius illum eos iste magni.,2020-08-21 16:47:00
404,587,3,Quo consequuntur enim.,2020-06-09 06:46:41
279,588,2,Ipsam iste cumque dolorum sed.,2024-09-06 03:02:30
62,589,3,Velit molestiae tempore dignissimos officia fugiat officia.,2020-09-06 02:54:20
168,590,2,Assumenda labore sed possimus sunt eligendi.,2019-10-27 07:24:30
156,591,3,Iusto illo tempora dicta.,2021-10-21 19:00:47
529,592,4,Dicta quae quod libero reprehenderit debitis.,2023-01-23 22:44:58
840,593,2,Odit dolores temporibus explicabo expedita facere soluta.,2022-03-23 04:00:37
733,594,4,Explicabo dolorum quas saepe aut.,2020-04-04 21:24:13
542,595,3,Reprehenderit pariatur at sapiente quia.,2021-05-11 06:12:37
944,596,2,Culpa placeat esse laboriosam ut vitae sapiente.,2024-07-15 19:28:55
461,597,2,Aliquid eveniet dolore porro soluta itaque et.,2016-06-30 09:04:44
689,598,1,Aperiam eius dolore animi reiciendis totam excepturi cum.,2017-02-26 14:40:59
688,599,2,Ipsum tenetur a officiis.,2014-12-21 15:34:56
879,600,2,Laborum placeat delectus sequi.,2024-07-29 20:53:46
30,601,1,Nam nostrum magni dolorem excepturi occaecati.,2015-06-01 16:30:26
659,602,3,Odit tenetur omnis possimus tempora.,2015-08-17 07:19:41
95,603,1,Excepturi itaque eveniet.,2021-09-08 02:03:05
491,604,3,Eveniet quo tempore id vel excepturi.,2015-01-04 09:21:03
198,605,3,Explicabo quod recusandae soluta officia nulla.,2016-06-03 09:04:50
87,606,1,Explicabo vel maiores ex dolor itaque commodi.,2024-04-20 07:14:36
906,607,4,Corporis nulla optio quibusdam consequuntur quis odit.,2018-02-21 22:07:23
183,608,2,Earum pariatur vitae ea distinctio.,2017-06-05 09:42:20
376,609,1,Dolores deleniti quos at.,2024-08-03 10:08:25
443,610,5,Voluptates qui animi occaecati labore perspiciatis inventore.,2019-12-01 01:07:00
614,611,3,Debitis tempore adipisci porro facilis culpa.,2023-01-16 00:11:16
645,612,2,Impedit nisi ratione error numquam doloremque.,2019-07-23 10:54:51
737,613,2,Aliquid perferendis veniam mollitia.,2014-07-06 10:11:39
864,614,1,Facilis recusandae possimus cum occaecati omnis.,2024-05-12 13:42:05
851,615,4,Cumque consequuntur earum quidem quod.,2018-03-06 04:42:40
875,616,4,Cumque labore consequatur in quos quo.,2016-08-27 09:53:42
132,617,5,Quae consequatur repudiandae incidunt magni impedit fuga.,2020-12-27 02:51:35
599,618,3,Accusantium amet quaerat facilis hic adipisci.,2017-10-16 09:35:39
75,619,5,Nulla quam voluptatem.,2024-06-29 04:53:28
109,620,4,Harum nemo eaque saepe.,2022-10-10 17:22:29
45,621,2,Eaque commodi quisquam doloribus quis unde delectus.,2014-05-05 00:25:06
261,622,3,Quam est possimus inventore.,2024-10-09 04:53:28
140,623,1,Eaque placeat a doloremque adipisci dolorum.,2021-06-06 16:16:19
756,624,3,Explicabo impedit laborum soluta voluptatibus totam sint.,2023-09-19 08:39:36
61,625,2,Illum minima ut assumenda consectetur minus quibusdam.,2017-08-19 12:34:05
339,626,1,Quas consequuntur asperiores voluptatibus.,2014-11-07 14:20:58
855,627,3,Nemo quibusdam numquam molestiae esse rem reiciendis.,2014-06-02 18:53:36
649,628,4,Corrupti cum temporibus dolorum.,2014-05-08 12:06:40
991,629,2,Nemo facilis repellat labore.,2022-10-07 21:17:36
909,630,4,Doloremque consectetur culpa eum.,2022-11-10 13:05:08
453,631,1,Deleniti aut eum quam.,2022-09-15 08:37:19
475,632,2,Mollitia nam quibusdam voluptate sit perspiciatis.,2015-10-14 08:14:52
268,633,1,Voluptates ullam quos corporis dolor rerum nisi reprehenderit.,2020-10-14 17:41:15
144,634,5,Fuga praesentium facere assumenda optio.,2017-08-12 22:16:14
552,635,4,Cumque in harum.,2024-04-19 06:42:11
429,636,1,Architecto fuga quasi enim iure pariatur nam.,2020-12-13 07:38:53
821,637,5,Iusto ut et doloribus inventore.,2020-08-04 01:32:35
153,638,5,Voluptatem libero voluptates assumenda vitae deleniti placeat unde.,2016-05-23 04:53:49
618,639,5,Quis dicta repellat quae.,2017-09-20 06:01:49
605,640,1,Doloribus iusto molestias rem libero velit.,2017-12-20 23:42:00
669,641,5,Magni recusandae excepturi pariatur ipsum voluptatum.,2017-06-17 15:22:12
897,642,1,Sit rerum commodi eos facilis laboriosam dolorem.,2020-06-04 03:46:12
878,643,1,Deleniti facilis aliquam.,2021-11-26 12:07:06
448,644,1,Quis eum suscipit perferendis quaerat sapiente molestiae.,2019-10-04 23:33:59
358,645,1,Molestias hic iste quam suscipit alias.,2019-09-29 14:49:18
318,646,1,Nostrum eaque nostrum laborum quasi.,2018-07-24 21:11:03
323,647,3,Enim autem maiores facilis sunt.,2019-03-09 00:58:32
812,648,1,Fuga laudantium voluptate officiis.,2016-02-05 10:36:22
639,649,5,Consequatur alias perferendis tempore illum.,2019-09-23 04:06:29
959,650,3,Fugit placeat sit quam error.,2015-07-04 03:28:32
57,651,1,Quos sunt repudiandae quaerat facere sequi itaque.,2019-05-18 10:31:22
556,652,2,Quidem autem voluptatibus dolores.,2015-10-23 17:25:20
297,653,2,At quam nihil illo aliquam.,2023-01-16 13:56:19
472,654,5,Consequuntur voluptatem id.,2019-09-10 20:42:51
111,655,1,Itaque ipsum impedit quis quaerat minus.,2018-01-02 04:35:24
788,656,4,Ipsam dignissimos laborum neque voluptatum dolorem atque facilis.,2023-03-15 10:38:25
381,657,3,Optio fuga debitis aspernatur aspernatur.,2014-10-23 06:47:41
511,658,5,Voluptatibus maxime hic non necessitatibus quis esse.,2014-05-23 08:10:07
118,659,2,Fuga minima a consequatur numquam.,2022-10-24 20:07:30
195,660,3,Distinctio nihil quam sint nulla animi fugit.,2017-01-24 03:16:12
157,661,2,Nulla voluptatum porro officia accusantium.,2017-08-16 09:42:51
426,662,1,Consequuntur illum magni non beatae pariatur.,2015-12-14 00:08:03
137,663,5,Ad necessitatibus temporibus eum.,2021-01-12 02:58:12
133,664,5,Voluptatem recusandae sapiente a nisi labore.,2016-02-25 15:04:04
120,665,4,Eligendi maiores voluptate omnis consequatur quos.,2019-11-15 21:30:20
307,666,2,Natus nisi inventore molestiae.,2014-06-30 03:18:09
82,667,5,Aperiam nulla aspernatur eaque assumenda temporibus perspiciatis.,2017-04-29 23:42:26
689,668,4,A excepturi deleniti a.,2016-08-17 05:30:12
782,669,2,Eos inventore officiis ad in.,2021-08-24 18:42:10
195,670,4,Non quaerat totam error ratione.,2016-08-11 01:51:08
281,671,4,Sunt itaque nulla tempore ipsam asperiores suscipit placeat.,2016-06-20 06:32:59
529,672,3,Pariatur qui totam adipisci.,2016-03-20 00:00:17
706,673,5,Enim distinctio tenetur voluptatum veniam provident.,2017-10-15 23:01:20
724,674,2,Fugit voluptatum fugiat ut ex provident aspernatur ab.,2022-08-23 07:15:56
767,675,1,Reprehenderit distinctio aspernatur commodi quae vel sit.,2022-06-21 09:26:55
690,676,4,Voluptatem vero voluptates omnis consequatur.,2024-01-13 02:22:58
297,677,4,Magnam ipsum laborum quis voluptates.,2024-11-24 13:29:58
834,678,4,Neque labore molestiae dolore dicta.,2017-08-10 02:32:39
910,679,5,Sequi recusandae et exercitationem necessitatibus numquam dolores.,2019-07-08 04:43:31
813,680,5,Repellendus assumenda beatae ut hic saepe.,2018-01-31 01:05:07
231,681,1,Deserunt iste maiores enim sit voluptatibus molestias.,2014-10-08 22:10:50
721,682,5,Repellendus cum minima explicabo labore.,2019-09-14 14:45:57
187,683,4,Rem rem sit nobis.,2016-11-13 22:04:00
78,684,3,Enim blanditiis atque voluptate perferendis repudiandae perferendis reiciendis.,2017-01-29 00:37:27
445,685,4,Voluptatum esse nisi natus.,2019-06-17 20:39:22
125,686,3,Placeat ut officiis saepe ea modi.,2017-08-25 05:59:48
420,687,1,Dolores quam porro doloribus quas.,2021-08-12 23:33:58
218,688,4,Debitis culpa quis a.,2014-12-29 15:55:02
788,689,4,Magni enim illum distinctio tempora repudiandae.,2018-03-01 08:04:13
126,690,5,Voluptatem non eaque modi ipsa blanditiis perferendis ullam.,2016-04-02 03:26:32
779,691,1,Porro ipsa facilis voluptate debitis eum atque.,2021-08-13 17:44:47
338,692,4,Ipsum eveniet cumque dolorem fugit.,2020-06-27 18:16:27
633,693,5,Recusandae suscipit nihil hic itaque.,2017-01-16 19:11:12
940,694,5,Laboriosam maiores quo tenetur sunt nisi corrupti.,2015-10-28 07:09:05
147,695,3,Atque totam doloribus corrupti voluptates.,2019-12-19 14:24:33
688,696,5,Quas temporibus ex blanditiis.,2022-06-26 19:34:30
807,697,1,Dignissimos consectetur commodi tenetur nisi ipsum odio.,2014-08-18 02:21:47
862,698,5,Sint hic delectus natus.,2023-11-28 09:55:42
584,699,4,Aliquid aut accusantium animi quisquam.,2021-12-14 09:39:15
307,700,1,Iure sed quo eveniet corporis soluta.,2024-05-02 14:02:02
614,701,2,Quibusdam illo repellat delectus earum beatae in dolore.,2023-11-23 06:35:18
693,702,3,Eveniet accusantium rem tempora rem.,2020-03-25 17:14:42
429,703,2,Fuga consectetur modi expedita consectetur.,2017-08-18 11:28:09
457,704,5,Reiciendis dicta cupiditate harum ad.,2024-06-20 23:07:01
165,705,5,Dolor officiis alias itaque.,2021-07-03 19:15:46
97,706,4,Repellat quia omnis optio ratione eveniet eos consequuntur.,2024-07-18 19:47:20
98,707,1,Iure repudiandae fuga ratione eveniet.,2022-08-15 11:30:00
133,708,3,Laboriosam error vel dolorum doloremque earum tempora.,2020-06-11 16:48:46
206,709,4,Adipisci sapiente itaque pariatur.,2017-04-23 17:06:43
521,710,2,Nesciunt perspiciatis qui quod in.,2021-10-29 04:10:42
204,711,5,Amet laudantium ea provident.,2015-06-19 15:31:18
650,712,1,Quis alias dolore repudiandae mollitia odio perferendis.,2024-09-26 12:23:59
289,713,3,Cumque fugiat nobis temporibus.,2020-06-09 22:28:46
938,714,5,Reprehenderit ipsam ab expedita veniam nemo.,2024-03-29 22:21:50
228,715,4,Aperiam asperiores ipsa vitae doloremque officia harum.,2019-03-22 12:55:08
385,716,1,Tenetur ullam harum ipsam accusantium.,2024-10-22 13:43:02
78,717,5,Error debitis beatae veritatis voluptatum aliquam.,2018-03-08 20:00:21
340,718,2,Cumque dolor odio molestias.,2022-11-11 09:04:34
515,719,1,Ducimus optio commodi eligendi voluptates exercitationem modi.,2014-03-13 04:15:13
1000,720,1,Dignissimos animi accusamus recusandae.,2024-07-04 19:11:53
813,721,3,Delectus ipsum veritatis fugit voluptatibus aspernatur.,2019-07-19 17:54:17
750,722,1,Deleniti praesentium exercitationem unde eos.,2018-06-03 07:22:17
102,723,4,Molestias qui ea eaque quod id asperiores quasi.,2019-04-20 04:46:51
619,724,2,Officia quos quo deleniti corrupti odit.,2020-03-25 08:29:12
842,725,2,Reprehenderit placeat maiores quae officiis.,2021-06-27 02:07:16
91,726,2,Quis asperiores quod eligendi.,2024-03-29 18:02:46
663,727,4,Aliquam eligendi natus error nobis facilis.,2019-08-22 01:25:54
352,728,3,Nam laudantium itaque animi ducimus dolores numquam.,2020-12-04 08:25:40
858,729,2,Illo iusto facilis corrupti.,2023-04-07 22:46:09
566,730,2,Adipisci perferendis possimus aliquid ipsam.,2024-10-06 23:52:28
177,731,2,Dolores quis repellendus amet.,2017-02-25 10:24:46
777,732,4,Molestiae molestiae aut aliquam.,2022-07-16 17:32:43
138,733,4,Odio dolorem maiores hic.,2021-03-07 11:09:37
273,734,1,Consequatur nobis delectus officia.,2016-11-21 23:56:55
652,735,4,Dolores et impedit eveniet alias.,2023-01-14 14:32:09
66,736,4,Iste totam atque nemo ratione minus eos sapiente.,2024-06-16 03:31:44
897,737,5,Minima modi unde.,2014-04-13 06:07:41
927,738,1,Ratione dicta nemo quam voluptatem.,2014-06-17 12:11:08
621,739,5,Cumque saepe dolorum modi error.,2015-12-05 07:55:01
709,740,5,Libero ducimus cumque eveniet ab veniam ipsam.,2019-01-02 01:42:51
103,741,1,Nisi reprehenderit debitis saepe eaque ex voluptas.,2024-09-16 01:28:58
271,742,2,Veritatis reprehenderit nostrum quasi.,2023-06-22 01:14:47
233,743,3,Quae adipisci laudantium aspernatur.,2017-08-04 05:45:55
401,744,5,Earum suscipit doloribus mollitia veniam earum doloribus esse.,2015-06-04 00:55:21
300,745,3,Placeat neque labore.,2019-03-01 23:07:43
139,746,5,Voluptates dolorum fugit deleniti molestiae.,2018-01-07 18:53:53
920,747,5,Qui consequatur officia in modi.,2024-02-13 18:16:42
664,748,5,Laudantium culpa rerum quasi inventore.,2020-07-17 18:42:55
692,749,1,Maxime cumque esse iste saepe.,2016-10-17 01:36:36
240,750,5,Deleniti vitae quia error.,2015-04-26 23:32:22
695,751,3,Nisi laboriosam vel eum.,2016-07-14 23:55:26
593,752,2,Minima est eum tempore.,2015-01-02 07:41:52
173,753,5,Aliquam hic dolor ipsam repellendus vitae omnis minus.,2017-10-26 00:56:44
964,754,2,Nam ipsa error odio debitis assumenda.,2017-08-07 10:35:29
531,755,1,Esse vitae voluptas nisi quia repellat illum.,2019-05-23 21:59:58
281,756,3,Quos corporis similique adipisci exercitationem aut facere architecto.,2014-08-18 17:15:21
42,757,3,Itaque modi repellendus adipisci.,2019-08-21 04:04:29
399,758,1,Corrupti ab deleniti aspernatur.,2015-11-27 10:41:51
510,759,2,Porro porro similique veniam ipsam eos debitis.,2014-12-31 19:54:15
650,760,4,Porro accusamus at voluptatibus quis.,2024-05-01 23:49:44
186,761,1,Facilis tenetur facilis saepe.,2017-05-18 16:29:20
764,762,2,Sunt maiores sint aspernatur.,2018-12-05 16:51:22
804,763,3,Quidem dolor non amet ut.,2020-04-14 09:12:16
604,764,2,Doloribus nemo sunt.,2023-03-04 01:34:59
981,765,5,Autem culpa voluptatum eius iure.,2023-06-29 10:35:43
115,766,3,Animi reiciendis corporis expedita nemo deleniti fuga error.,2021-08-27 12:18:49
862,767,5,Rem recusandae veritatis cumque reprehenderit aut.,2017-03-17 20:27:12
366,768,5,Facere ut in laboriosam ab distinctio.,2024-04-02 09:39:03
615,769,1,Commodi nam magni.,2021-03-02 12:36:36
877,770,1,Vel ratione corporis temporibus.,2017-07-27 09:38:13
816,771,4,Maiores porro nemo non ipsam.,2023-01-07 15:54:10
151,772,1,Quod ad cum consectetur nisi cum laudantium beatae.,2020-12-13 19:16:05
144,773,3,Officia iure hic quis at.,2015-01-12 05:51:24
467,774,5,Nam dignissimos iste repellendus nisi error ullam eos.,2017-06-09 22:14:04
278,775,2,Iure earum consectetur.,2015-10-12 00:05:01
33,776,4,Dicta explicabo modi delectus est animi fugiat.,2021-07-04 19:33:02
335,777,2,Voluptatibus tempora laudantium dolorum totam optio.,2024-05-29 15:44:27
810,778,2,Fuga consequuntur eveniet soluta atque commodi.,2016-06-12 17:50:19
746,779,2,Reprehenderit adipisci non at libero impedit.,2014-07-30 04:02:44
355,780,4,Sequi porro doloremque voluptatem ullam.,2024-04-20 19:49:18
445,781,5,Eos quibusdam tempore hic perspiciatis dolore.,2023-08-18 14:42:10
797,782,3,Non iure est commodi repellendus.,2020-11-28 07:03:34
305,783,1,Odio laboriosam itaque vero.,2014-01-08 01:09:57
709,784,2,Quae eveniet ipsa hic at.,2017-04-04 10:06:45
586,785,4,Cum nemo adipisci facere magni repudiandae quas.,2015-08-20 20:25:31
986,786,4,Aliquam dolor qui amet.,2018-02-15 13:30:55
457,787,2,Nisi adipisci ut provident ducimus voluptate.,2019-10-31 12:14:15
854,788,2,Cum quibusdam voluptas occaecati minus.,2024-05-20 10:12:49
564,789,1,Consequuntur quisquam minima soluta nulla nostrum repellendus.,2020-02-07 11:38:36
714,790,4,Repudiandae quod quae rerum ipsa.,2024-03-21 16:01:05
344,791,4,Ipsa illum suscipit pariatur labore.,2015-05-27 04:22:24
819,792,2,Dolores itaque ullam praesentium eum impedit molestias.,2014-12-13 13:35:20
196,793,1,Non nisi veniam temporibus.,2021-07-31 09:24:00
74,794,5,Laborum atque quaerat quidem.,2016-02-08 10:30:19
258,795,4,Molestias suscipit reiciendis deserunt similique soluta.,2023-12-15 11:28:56
282,796,4,Qui veritatis neque ullam atque.,2022-12-22 22:07:24
4,797,3,Soluta qui quia consectetur expedita.,2023-08-31 13:18:57
727,798,4,Soluta deserunt reiciendis tenetur doloribus incidunt voluptatem.,2022-10-04 08:15:49
651,799,5,Nihil ratione totam enim nobis perspiciatis assumenda.,2024-04-01 10:04:09
853,800,4,Quasi asperiores debitis.,2017-04-03 05:31:31
397,801,5,Alias saepe deleniti.,2022-08-28 15:43:29
436,802,5,Dolor tempora illo similique suscipit.,2022-08-27 04:23:01
98,803,4,Maiores quibusdam commodi facilis distinctio quaerat sint labore.,2015-10-06 21:05:45
418,804,2,Cumque eos architecto animi.,2021-12-26 14:10:48
195,805,5,Mollitia voluptatum repudiandae aspernatur deleniti reiciendis exercitationem.,2017-10-15 11:36:08
575,806,3,Provident impedit quia nemo dolores nihil.,2023-06-19 15:48:57
777,807,5,Officiis quasi assumenda at.,2016-06-24 12:58:57
670,808,5,Maiores voluptatem velit voluptatem atque.,2016-03-26 01:17:32
280,809,5,Iusto dolorem ab iure.,2015-07-23 12:49:43
881,810,1,Molestiae necessitatibus debitis quisquam.,2022-12-31 20:12:30
502,811,3,Doloribus dolore voluptatum quibusdam excepturi dolorum.,2018-03-06 05:20:40
677,812,3,Cumque eaque sit voluptatum explicabo.,2021-02-10 23:26:13
303,813,4,In laborum facilis sed.,2014-12-08 06:18:26
922,814,3,Numquam doloribus debitis.,2015-05-26 03:29:32
707,815,1,Doloribus placeat nam delectus molestias tenetur quasi.,2016-03-11 00:58:08
255,816,2,Explicabo perspiciatis voluptatum dolore.,2022-06-09 03:40:12
886,817,1,Provident impedit officiis quam modi tenetur.,2019-02-02 11:46:24
700,818,3,Fuga tenetur corporis et exercitationem magni.,2023-05-04 22:02:08
29,819,1,Corrupti repellendus ipsum vero enim in consectetur.,2024-10-04 20:00:03
208,820,3,Quis dicta neque asperiores sed cupiditate.,2021-07-25 04:55:18
202,821,1,Aliquam vitae quasi provident aspernatur beatae eius.,2021-02-20 22:51:41
835,822,4,Iste eligendi est velit.,2024-07-14 13:07:28
428,823,2,Officiis eius nisi laudantium illum dicta.,2017-01-06 06:16:50
325,824,4,Et possimus ipsum perspiciatis incidunt maiores.,2014-09-21 23:17:11
306,825,2,Adipisci culpa quasi provident architecto dolores architecto.,2020-05-22 07:08:06
360,826,4,Reiciendis sit aperiam.,2014-05-05 19:10:40
559,827,4,Excepturi quasi modi voluptates.,2024-01-01 23:29:00
718,828,3,Impedit quaerat sunt facere similique occaecati commodi.,2018-02-19 03:02:33
500,829,4,Numquam sunt deserunt esse repellat optio.,2023-11-14 03:07:36
910,830,1,Quam mollitia architecto inventore velit iste iure.,2024-05-28 15:25:03
690,831,2,Ratione dolorum error natus sint.,2024-05-06 10:18:54
156,832,2,Soluta fugiat vitae recusandae praesentium.,2017-11-27 16:15:10
534,833,4,Eligendi totam saepe voluptatem.,2019-04-11 07:37:04
657,834,1,Nihil similique vitae doloremque expedita deleniti quam.,2022-02-09 14:56:07
246,835,1,Ipsum quia quam a necessitatibus mollitia voluptates.,2021-10-25 01:24:13
477,836,3,Assumenda vitae quos velit error.,2018-06-04 13:33:35
339,837,5,Consequuntur laborum dolorum nihil.,2015-07-26 06:17:09
477,838,1,Provident deleniti non accusamus.,2024-01-25 23:05:53
546,839,1,Facilis a maiores delectus itaque aspernatur.,2023-10-15 13:35:11
750,840,3,Aliquid eos nihil.,2016-02-15 11:40:33
117,841,2,Culpa excepturi perspiciatis autem atque molestiae accusantium minima.,2020-01-14 01:12:12
895,842,1,Quaerat aut fugiat.,2016-07-31 11:32:52
704,843,2,Pariatur ea consequuntur et delectus tenetur.,2021-01-28 11:37:49
824,844,5,Veritatis quasi optio rem.,2021-12-03 04:23:17
352,845,4,Dolorum quia totam quod fugiat rem sunt ex.,2015-10-01 13:22:45
46,846,3,Doloremque sit numquam corrupti labore.,2014-02-20 15:00:55
122,847,3,Distinctio nobis qui voluptate sit.,2016-04-03 03:17:46
374,848,5,Provident laborum laboriosam quos.,2019-03-20 23:54:34
274,849,5,Reprehenderit esse amet molestias possimus tenetur consequatur quas.,2024-09-14 12:58:25
484,850,4,Placeat minima officiis.,2014-08-23 00:22:54
278,851,5,Sed ipsa doloribus maxime.,2024-08-11 18:58:39
838,852,5,Doloremque molestias id.,2020-05-08 15:54:51
364,853,2,Tempora alias eligendi repellat.,2023-11-09 16:35:24
1,854,5,Minima esse neque illo pariatur.,2019-11-03 12:54:06
92,855,5,Natus dolores maiores possimus nostrum tempora.,2017-11-07 04:25:41
537,856,1,Nisi voluptates debitis.,2022-07-16 23:37:56
639,857,4,Quae necessitatibus consequatur nisi laboriosam incidunt quasi.,2016-10-20 00:08:48
122,858,5,Dicta ex placeat voluptates quisquam blanditiis in.,2018-09-09 07:00:15
278,859,1,Hic veritatis incidunt at eveniet soluta.,2017-11-22 01:19:11
620,860,5,Libero possimus libero culpa.,2014-06-09 15:03:59
859,861,4,Ipsum officia quae nesciunt distinctio accusamus magni.,2014-01-31 04:52:05
814,862,1,Earum nesciunt excepturi qui.,2014-07-03 02:52:40
750,863,2,Molestiae non alias inventore consequatur.,2024-06-23 18:48:59
774,864,4,Recusandae tenetur repellat fuga natus suscipit id ducimus.,2022-04-28 22:18:25
954,865,1,Non atque maiores vel necessitatibus ipsum.,2017-11-08 01:21:34
282,866,5,Nihil officiis repellat magnam debitis.,2019-07-16 02:36:15
884,867,3,Rem deserunt iure sapiente.,2024-08-05 18:25:34
935,868,4,Nesciunt animi explicabo ratione.,2020-07-17 12:46:10
984,869,4,Suscipit cum dolores sint voluptates repudiandae nihil.,2023-06-11 12:39:18
563,870,4,Quis cum aspernatur.,2019-04-09 16:16:29
30,871,4,Porro aliquid maxime fuga commodi.,2016-11-24 11:06:22
390,872,5,Pariatur enim illum impedit id atque omnis.,2018-05-13 18:27:30
931,873,2,Dolorum sint deserunt.,2014-07-19 01:09:58
660,874,2,Voluptates eos rem harum cum recusandae.,2024-08-29 06:06:14
790,875,5,Animi soluta tempora incidunt suscipit.,2020-03-02 16:26:09
676,876,4,Laborum eos perferendis.,2019-05-18 20:56:08
245,877,1,Est quibusdam nostrum.,2017-05-30 01:54:09
222,878,3,Repellat ducimus nihil amet.,2019-08-30 15:12:03
572,879,3,Natus dolore a distinctio perspiciatis nulla.,2016-11-23 04:34:31
899,880,2,Amet iste beatae deleniti explicabo laudantium.,2018-01-02 22:42:26
4,881,3,Magni expedita aliquid corrupti eaque.,2019-09-14 14:47:28
166,882,3,Quidem tempora ut ut hic velit illo.,2015-12-09 17:01:13
388,883,2,Quas accusamus veniam aperiam molestias.,2022-05-09 06:44:42
685,884,4,Molestiae ex consequuntur consequuntur.,2019-06-27 17:12:37
663,885,1,Blanditiis nisi deserunt quas velit aliquid.,2014-05-06 11:22:25
180,886,5,Similique quis necessitatibus vitae.,2024-02-08 18:47:34
554,887,1,Nemo officiis quaerat praesentium pariatur quidem quo.,2016-10-20 12:01:45
72,888,4,Quibusdam magnam quia suscipit quis.,2014-02-08 22:51:19
690,889,4,Rerum quas blanditiis tempore sequi aliquid.,2020-12-01 12:42:57
262,890,1,Fugit consequuntur temporibus quae.,2015-08-28 07:00:15
879,891,2,Iusto deserunt tenetur odio reiciendis molestiae.,2016-12-20 10:38:18
430,892,2,Deleniti et unde explicabo officia vitae nemo.,2017-05-08 20:56:42
192,893,2,Fuga dolor quas numquam alias nihil est.,2015-07-21 11:31:39
320,894,3,Id cum animi cumque repellendus quae tempora.,2018-01-06 03:26:35
483,895,2,Cumque dolor ipsam quaerat distinctio inventore.,2015-10-18 00:10:30
641,896,4,Quasi cupiditate facilis cupiditate autem dolorum expedita odit.,2014-05-08 00:58:00
484,897,4,Harum iste dolorum occaecati dolorum dignissimos minima optio.,2015-05-07 08:46:38
13,898,2,Necessitatibus voluptas voluptate perferendis.,2017-12-25 07:41:21
393,899,1,Dicta alias magnam blanditiis mollitia molestias consectetur officiis.,2021-11-24 21:31:39
873,900,2,Inventore hic fuga.,2017-09-18 03:29:19
739,901,3,Nemo laboriosam officiis quia nostrum.,2016-03-13 09:37:08
112,902,5,Quas fugiat hic eligendi ad voluptatibus aliquid.,2022-02-12 10:43:50
262,903,1,Occaecati eligendi iste inventore nostrum accusamus voluptatem.,2016-11-24 20:40:47
971,904,2,Veniam recusandae placeat error cum consequuntur debitis amet.,2018-04-15 04:44:51
992,905,2,Id ex nam odit sed maiores laborum.,2022-09-27 01:09:43
768,906,3,Consequatur ab accusamus delectus mollitia reiciendis commodi.,2014-10-26 17:55:29
268,907,1,Vero quos molestias eaque.,2024-08-05 09:26:55
17,908,5,Ab porro saepe velit accusantium cupiditate labore.,2022-01-19 15:30:56
304,909,5,Dolorem ipsa nesciunt totam non cumque saepe.,2019-11-19 13:23:11
330,910,2,Ex vel est totam tempora corporis.,2017-04-05 11:28:48
587,911,4,Odio vero velit ducimus et culpa.,2019-11-27 21:07:49
666,912,5,Deleniti expedita eaque alias recusandae reiciendis.,2018-10-16 15:23:08
294,913,2,Iusto laborum reprehenderit doloribus voluptatum cumque quam.,2017-10-01 15:10:52
451,914,3,Nihil ducimus provident fugit repellat architecto ipsam.,2020-01-29 16:27:10
384,915,2,Deserunt cumque dolore distinctio praesentium in perferendis maiores.,2018-03-01 12:20:06
96,916,3,Non reprehenderit voluptas sapiente.,2020-09-14 21:57:59
605,917,1,Aliquam esse rem quisquam recusandae quam eaque pariatur.,2022-08-23 06:35:15
161,918,2,Velit itaque odio deleniti odit sed eligendi.,2018-06-02 10:23:47
925,919,5,Fugiat aliquid voluptas eligendi harum magni aperiam quasi.,2022-08-03 23:41:17
459,920,5,Delectus adipisci iusto cupiditate qui.,2017-04-26 12:18:52
682,921,5,Corrupti voluptates numquam quia nostrum.,2024-08-02 06:20:29
158,922,1,Iste eos exercitationem totam vitae.,2018-02-10 06:19:24
566,923,5,Quam repudiandae placeat tempora asperiores eius.,2014-02-24 00:16:12
536,924,5,Voluptatum assumenda iure magni asperiores.,2023-12-04 05:41:10
768,925,1,Ducimus aut reiciendis esse unde.,2021-04-16 16:57:32
737,926,3,Quidem magnam saepe adipisci adipisci perferendis esse.,2016-11-05 12:10:14
329,927,4,Illum eaque magni ullam eveniet quia repellat.,2017-06-27 17:29:12
511,928,2,Consectetur incidunt veniam officia iure cupiditate.,2014-04-13 11:48:12
714,929,5,Nihil earum eaque incidunt eos.,2017-10-02 05:40:33
725,930,1,Incidunt ratione at culpa facere impedit ducimus.,2014-05-29 07:07:55
795,931,1,Minima modi accusamus perspiciatis saepe eligendi a.,2021-08-27 23:46:57
973,932,4,Sapiente aut amet aspernatur autem.,2021-08-12 22:07:43
265,933,5,Maxime veniam eveniet aliquam.,2020-06-02 09:52:06
215,934,4,Debitis vero delectus harum.,2022-07-16 22:32:14
456,935,5,Consectetur aperiam eligendi voluptate ullam.,2024-12-16 14:28:04
2,936,5,Aperiam sunt nostrum suscipit in maiores quo pariatur.,2019-06-18 09:05:09
897,937,3,Pariatur voluptatibus consequatur voluptatum laboriosam optio dolorem fuga.,2018-04-23 17:03:58
251,938,3,Aut velit consequuntur assumenda.,2018-05-11 14:17:19
253,939,2,Est enim unde illum quam voluptate maxime.,2018-12-29 18:44:49
735,940,2,Minus minus velit.,2022-03-12 13:53:18
216,941,1,Dolores ullam nesciunt excepturi soluta omnis.,2016-12-05 01:23:02
719,942,2,Cupiditate temporibus voluptas fugit voluptatibus veniam.,2018-04-16 06:34:13
136,943,1,Magnam odio unde perferendis quaerat quas.,2016-08-02 00:19:07
864,944,2,Sed facere et nisi.,2023-01-17 14:10:46
7,945,1,Sint sunt iste facere corrupti fugit voluptas.,2021-02-16 01:53:31
432,946,5,Accusantium deserunt corrupti in dolorem ea.,2020-01-12 04:32:14
670,947,4,Quod animi explicabo architecto ab.,2015-06-28 17:54:26
581,948,3,Reiciendis consequuntur debitis dolore similique magni.,2023-06-28 16:41:31
82,949,2,Quasi voluptatem corporis quasi qui explicabo blanditiis.,2019-05-27 05:22:58
72,950,5,Neque distinctio quis quasi eaque quis harum.,2020-11-10 00:08:47
681,951,4,Eius eum officiis reprehenderit nesciunt corrupti.,2017-10-08 11:37:16
197,952,1,Totam nam pariatur id ut dignissimos.,2015-08-26 02:32:19
698,953,5,Aliquam veritatis alias corrupti sequi quos aspernatur.,2014-12-15 01:33:52
138,954,1,Praesentium tempore sunt illo asperiores assumenda.,2018-03-02 12:22:51
354,955,4,Illo similique repellat accusantium atque.,2022-04-24 02:07:41
77,956,4,Rerum corrupti eligendi itaque velit.,2014-10-04 02:51:37
378,957,3,Quos mollitia quasi rem sint provident autem commodi.,2023-01-17 19:48:56
464,958,3,Quidem aliquid deserunt vitae assumenda veniam illum nesciunt.,2019-04-13 19:37:59
131,959,2,Provident consectetur doloremque esse quis quam temporibus.,2020-11-28 15:36:25
315,960,4,Ad perferendis maxime.,2017-03-15 12:13:00
359,961,3,Cupiditate nostrum amet repellendus rerum placeat illo dicta.,2016-04-07 17:46:01
592,962,4,Maiores velit minus cumque at.,2017-11-15 13:20:37
446,963,4,Reprehenderit a nisi est.,2020-09-06 00:24:39
346,964,5,Ut laboriosam totam tempora sit corrupti.,2024-07-03 14:03:26
72,965,2,Consectetur aliquid ea debitis recusandae consequatur doloribus.,2023-12-07 07:43:46
752,966,2,A numquam quasi sapiente vero necessitatibus quasi consequuntur.,2015-12-31 21:43:35
640,967,5,Iusto eos quasi quidem assumenda.,2016-12-18 22:59:07
674,968,2,Dicta perspiciatis nobis iure.,2017-08-11 22:05:04
688,969,3,Officiis nesciunt repellat iste.,2021-11-20 21:23:42
313,970,2,Fuga non eaque cupiditate harum id expedita sed.,2020-11-22 13:30:45
833,971,2,Eaque laboriosam modi repellat iure illo officia adipisci.,2022-03-21 13:36:57
406,972,3,Expedita est maxime labore minus deleniti.,2020-10-14 01:28:44
237,973,2,Quam illum impedit voluptatem veniam mollitia.,2016-12-25 10:46:56
181,974,1,Architecto tempora debitis excepturi molestias temporibus dolorem.,2020-04-19 22:53:21
925,975,4,Eum doloremque consequuntur ab aperiam amet.,2019-03-08 19:49:50
808,976,1,Placeat maiores atque perferendis.,2016-12-15 02:29:58
916,977,2,Laboriosam iste maxime maiores.,2022-10-02 05:37:15
198,978,3,Recusandae rem eos voluptates ad.,2020-08-25 09:22:37
47,979,3,Veniam explicabo optio.,2023-05-10 04:07:10
474,980,1,Qui quos eaque perspiciatis iusto tempore.,2020-04-28 19:28:21
289,981,5,Iste possimus eligendi cum quisquam sapiente.,2021-04-23 08:02:12
858,982,4,Numquam eveniet itaque accusamus accusantium nihil.,2018-06-27 22:46:57
734,983,2,Molestiae nesciunt ab maxime occaecati quasi accusantium.,2024-10-03 22:23:47
375,984,5,Non quidem eius dolorum commodi recusandae iure unde.,2015-01-02 15:45:53
261,985,1,Nulla quibusdam accusantium delectus ipsam maxime sapiente.,2019-01-04 02:48:41
515,986,1,Ipsum beatae id qui.,2020-01-16 14:03:25
410,987,3,Corporis eligendi pariatur numquam doloremque.,2023-01-29 02:08:09
688,988,5,Sequi magnam consectetur voluptate.,2016-03-13 03:16:22
253,989,1,Maxime minima facere accusamus facere reiciendis.,2016-04-05 18:22:17
810,990,1,Consequuntur eligendi accusantium consequatur.,2017-03-22 04:47:13
714,991,1,Quod officia incidunt aperiam consequuntur excepturi.,2016-09-12 06:03:17
533,992,2,Sit soluta saepe.,2022-01-05 22:31:32
815,993,5,Explicabo labore illum odio doloribus ullam.,2015-12-17 04:25:25
160,994,4,Ea eos laborum porro.,2024-03-14 05:44:41
773,995,5,Doloribus dolores labore quibusdam.,2024-06-24 15:39:39
998,996,3,Autem enim dolores possimus.,2015-06-08 08:10:57
445,997,1,Ut quod eligendi modi ipsam aliquam.,2018-12-19 05:26:49
977,998,4,Rem alias eum recusandae.,2015-03-07 11:32:19
896,999,4,Perspiciatis incidunt similique animi neque porro dolorum pariatur.,2016-08-13 04:53:53
752,1000,1,Explicabo fugiat soluta pariatur odio.,2024-10-03 21:26:30
